seq_id,family,species,model,embedding_dim,UMAP1,UMAP2
HSP70|Zosterops_borbonicus,HSP70,Zosterops_borbonicus,esm2_t12_35M_UR50D,480,-5.989495,-2.8021169
HSP70|Meleagris_gallopavo,HSP70,Meleagris_gallopavo,esm2_t12_35M_UR50D,480,-6.000349,-2.8230186
HSP70|Haliotis_rufescens,HSP70,Haliotis_rufescens,esm2_t12_35M_UR50D,480,-1.7358252,-9.081727
HSP70|Eulemur_rufifrons,HSP70,Eulemur_rufifrons,esm2_t12_35M_UR50D,480,-5.3743052,-2.6755967
HSP70|Onchocerca_ochengi,HSP70,Onchocerca_ochengi,esm2_t12_35M_UR50D,480,-0.5904865,-9.560547
HSP70|Callorhinus_ursinus,HSP70,Callorhinus_ursinus,esm2_t12_35M_UR50D,480,-5.692286,-2.1824353
HSP70|Vicugna_pacos,HSP70,Vicugna_pacos,esm2_t12_35M_UR50D,480,-5.6776547,-2.2102084
HSP70|Mustela_putorius_furo,HSP70,Mustela_putorius_furo,esm2_t12_35M_UR50D,480,-5.7459307,-2.125466
HSP70|Musotima_nitidalis,HSP70,Musotima_nitidalis,esm2_t12_35M_UR50D,480,-1.5598414,-10.032015
HSP70|Pleurodeles_waltl,HSP70,Pleurodeles_waltl,esm2_t12_35M_UR50D,480,-2.419932,-5.5501266
HSP70|Chelonus_insularis,HSP70,Chelonus_insularis,esm2_t12_35M_UR50D,480,0.037495967,-9.250156
HSP70|Pedinophyceae_sp._YPF-701,HSP70,Pedinophyceae_sp._YPF-701,esm2_t12_35M_UR50D,480,-1.3751156,-10.168013
HSP70|Carlito_syrichta,HSP70,Carlito_syrichta,esm2_t12_35M_UR50D,480,-5.3215885,-2.777875
HSP70|Scaeva_pyrastri,HSP70,Scaeva_pyrastri,esm2_t12_35M_UR50D,480,0.024483332,-8.491637
HSP70|Oncorhynchus_nerka,HSP70,Oncorhynchus_nerka,esm2_t12_35M_UR50D,480,-2.660091,-5.2298803
HSP70|Hyles_vespertilio,HSP70,Hyles_vespertilio,esm2_t12_35M_UR50D,480,-1.4761051,-9.808808
HSP70|Bactrocera_oleae,HSP70,Bactrocera_oleae,esm2_t12_35M_UR50D,480,-0.22454648,-9.133388
HSP70|Homarus_americanus,HSP70,Homarus_americanus,esm2_t12_35M_UR50D,480,-1.7179018,-9.115318
HSP70|Mya_arenaria,HSP70,Mya_arenaria,esm2_t12_35M_UR50D,480,-1.7352483,-9.141325
HSP70|Oreochromis_niloticus,HSP70,Oreochromis_niloticus,esm2_t12_35M_UR50D,480,-2.5426745,-5.349675
HSP70|Bombus_terrestris,HSP70,Bombus_terrestris,esm2_t12_35M_UR50D,480,0.17878346,-9.388603
HSP70|Zerene_cesonia,HSP70,Zerene_cesonia,esm2_t12_35M_UR50D,480,-1.4518871,-9.792313
HSP70|Diachrysia_chrysitis,HSP70,Diachrysia_chrysitis,esm2_t12_35M_UR50D,480,-2.156996,-9.910183
HSP70|Anaspis_maculata,HSP70,Anaspis_maculata,esm2_t12_35M_UR50D,480,-1.4067812,-9.515534
HSP70|Biomphalaria_glabrata,HSP70,Biomphalaria_glabrata,esm2_t12_35M_UR50D,480,-1.678061,-9.041504
HSP70|Dendrolimus_punctatus,HSP70,Dendrolimus_punctatus,esm2_t12_35M_UR50D,480,-1.9116952,-10.102136
HSP70|Dermochelys_coriacea,HSP70,Dermochelys_coriacea,esm2_t12_35M_UR50D,480,-5.1501145,-2.8670893
HSP70|Mythimna_loreyi,HSP70,Mythimna_loreyi,esm2_t12_35M_UR50D,480,-1.6574466,-10.595973
HSP70|Schistosoma_guineensis,HSP70,Schistosoma_guineensis,esm2_t12_35M_UR50D,480,-0.67017084,-9.673976
HSP70|Venusia_cambrica,HSP70,Venusia_cambrica,esm2_t12_35M_UR50D,480,-2.0347652,-9.883584
HSP70|Hydriomena_furcata,HSP70,Hydriomena_furcata,esm2_t12_35M_UR50D,480,-2.2159233,-9.7602415
HSP70|Vespula_pensylvanica,HSP70,Vespula_pensylvanica,esm2_t12_35M_UR50D,480,0.06684467,-9.282872
HSP70|Aethina_tumida,HSP70,Aethina_tumida,esm2_t12_35M_UR50D,480,-0.3762696,-9.090746
HSP70|Lycaena_phlaeas,HSP70,Lycaena_phlaeas,esm2_t12_35M_UR50D,480,-1.9143296,-9.737713
HSP70|Culex_pipiens_pallens,HSP70,Culex_pipiens_pallens,esm2_t12_35M_UR50D,480,-1.6455722,-9.480567
HSP70|Xestia_sexstrigata,HSP70,Xestia_sexstrigata,esm2_t12_35M_UR50D,480,-1.6937109,-10.634407
HSP70|Agriphila_tristella,HSP70,Agriphila_tristella,esm2_t12_35M_UR50D,480,-1.843125,-10.205011
HSP70|Giardia_intestinalis,HSP70,Giardia_intestinalis,esm2_t12_35M_UR50D,480,-1.2683347,-9.752813
HSP70|Lobophora_halterata,HSP70,Lobophora_halterata,esm2_t12_35M_UR50D,480,-1.9358062,-10.078687
HSP70|Trichinella_patagoniensis,HSP70,Trichinella_patagoniensis,esm2_t12_35M_UR50D,480,-0.58530295,-9.55818
HSP70|Cervus_elaphus,HSP70,Cervus_elaphus,esm2_t12_35M_UR50D,480,-5.7174263,-2.1600316
HSP70|Epicampocera_succincta,HSP70,Epicampocera_succincta,esm2_t12_35M_UR50D,480,0.09601876,-8.483109
HSP70|Lamellibrachia_satsuma,HSP70,Lamellibrachia_satsuma,esm2_t12_35M_UR50D,480,-1.8131027,-9.065643
HSP70|Sparganum_proliferum,HSP70,Sparganum_proliferum,esm2_t12_35M_UR50D,480,-2.1952832,-9.848517
HSP70|Tapirus_indicus,HSP70,Tapirus_indicus,esm2_t12_35M_UR50D,480,-5.2260904,-2.7823205
HSP70|Drosophila_ficusphila,HSP70,Drosophila_ficusphila,esm2_t12_35M_UR50D,480,0.09377819,-9.070582
HSP70|Electrophaes_corylata,HSP70,Electrophaes_corylata,esm2_t12_35M_UR50D,480,-1.857753,-9.643149
HSP70|Leptopilina_boulardi,HSP70,Leptopilina_boulardi,esm2_t12_35M_UR50D,480,-0.06165007,-9.533543
HSP70|Oryzias_latipes,HSP70,Oryzias_latipes,esm2_t12_35M_UR50D,480,-2.3468525,-5.627612
HSP70|Verasper_variegatus,HSP70,Verasper_variegatus,esm2_t12_35M_UR50D,480,-2.332522,-5.6907735
HSP70|Acanthopagrus_latus,HSP70,Acanthopagrus_latus,esm2_t12_35M_UR50D,480,-2.5626302,-5.307265
HSP70|Dipus_sagitta,HSP70,Dipus_sagitta,esm2_t12_35M_UR50D,480,-5.3156786,-2.6740952
HSP70|Volucella_bombylans,HSP70,Volucella_bombylans,esm2_t12_35M_UR50D,480,0.11601965,-8.401456
HSP70|Podarcis_raffonei,HSP70,Podarcis_raffonei,esm2_t12_35M_UR50D,480,-4.9699106,-2.9976377
HSP70|Platypus_cylindrus,HSP70,Platypus_cylindrus,esm2_t12_35M_UR50D,480,-0.31921735,-9.283452
HSP70|Allacma_fusca,HSP70,Allacma_fusca,esm2_t12_35M_UR50D,480,-1.4933416,-10.094172
HSP70|Thumatha_senex,HSP70,Thumatha_senex,esm2_t12_35M_UR50D,480,-2.1986809,-9.822081
HSP70|Spodoptera_frugiperda,HSP70,Spodoptera_frugiperda,esm2_t12_35M_UR50D,480,-1.7808946,-9.981084
HSP70|Apocheima_hispidaria,HSP70,Apocheima_hispidaria,esm2_t12_35M_UR50D,480,-1.778303,-9.80561
HSP70|Aporia_crataegi,HSP70,Aporia_crataegi,esm2_t12_35M_UR50D,480,-2.314992,-9.875264
HSP70|Parambassis_ranga,HSP70,Parambassis_ranga,esm2_t12_35M_UR50D,480,-2.5272527,-5.332361
HSP70|Cercocebus_atys,HSP70,Cercocebus_atys,esm2_t12_35M_UR50D,480,-5.3224673,-2.783185
HSP70|Acromyrmex_charruanus,HSP70,Acromyrmex_charruanus,esm2_t12_35M_UR50D,480,0.10769131,-9.20903
HSP70|Vidua_chalybeata,HSP70,Vidua_chalybeata,esm2_t12_35M_UR50D,480,-5.989294,-2.8206675
HSP70|Polyodon_spathula,HSP70,Polyodon_spathula,esm2_t12_35M_UR50D,480,-2.726538,-5.0769296
HSP70|Portevinia_maculata,HSP70,Portevinia_maculata,esm2_t12_35M_UR50D,480,0.079442486,-8.418197
HSP70|Mugil_cephalus,HSP70,Mugil_cephalus,esm2_t12_35M_UR50D,480,-2.4535704,-5.512305
HSP70|Eupeodes_luniger,HSP70,Eupeodes_luniger,esm2_t12_35M_UR50D,480,0.0662283,-8.429648
HSP70|Vanessa_tameamea,HSP70,Vanessa_tameamea,esm2_t12_35M_UR50D,480,-1.2221377,-9.692198
HSP70|Paramuricea_clavata,HSP70,Paramuricea_clavata,esm2_t12_35M_UR50D,480,-0.4431269,-9.069344
HSP70|Triparma_laevis_f._longispina,HSP70,Triparma_laevis_f._longispina,esm2_t12_35M_UR50D,480,-1.0344473,-10.131077
HSP70|Caerostris_darwini,HSP70,Caerostris_darwini,esm2_t12_35M_UR50D,480,0.0041495454,-8.527477
HSP70|Mauremys_mutica,HSP70,Mauremys_mutica,esm2_t12_35M_UR50D,480,-5.6012707,-2.579675
HSP70|Nycticebus_bengalensis,HSP70,Nycticebus_bengalensis,esm2_t12_35M_UR50D,480,-5.5862308,-2.3689828
HSP70|Solenopsis_invicta,HSP70,Solenopsis_invicta,esm2_t12_35M_UR50D,480,0.037846807,-9.245016
HSP70|Sphenella_marginata,HSP70,Sphenella_marginata,esm2_t12_35M_UR50D,480,-0.0057414966,-8.49626
HSP70|Ctenocephalides_felis,HSP70,Ctenocephalides_felis,esm2_t12_35M_UR50D,480,0.014637143,-9.092401
HSP70|Manduca_sexta,HSP70,Manduca_sexta,esm2_t12_35M_UR50D,480,-1.5872731,-9.733974
HSP70|Catocala_fraxini,HSP70,Catocala_fraxini,esm2_t12_35M_UR50D,480,-2.0592186,-9.802519
HSP70|Pangasianodon_gigas,HSP70,Pangasianodon_gigas,esm2_t12_35M_UR50D,480,-2.620514,-5.221178
HSP70|Lacanobia_wlatinum,HSP70,Lacanobia_wlatinum,esm2_t12_35M_UR50D,480,-1.659812,-10.610325
HSP70|Pocillopora_damicornis,HSP70,Pocillopora_damicornis,esm2_t12_35M_UR50D,480,-1.6166421,-9.103856
HSP70|Megalops_atlanticus,HSP70,Megalops_atlanticus,esm2_t12_35M_UR50D,480,-2.675385,-5.146822
HSP70|Hyposmocoma_kahamanoa,HSP70,Hyposmocoma_kahamanoa,esm2_t12_35M_UR50D,480,-1.9924531,-10.149408
HSP70|Cervus_canadensis,HSP70,Cervus_canadensis,esm2_t12_35M_UR50D,480,-5.69481,-2.1959252
HSP70|Paralichthys_olivaceus,HSP70,Paralichthys_olivaceus,esm2_t12_35M_UR50D,480,-2.4125843,-5.516231
HSP70|Albula_glossodonta,HSP70,Albula_glossodonta,esm2_t12_35M_UR50D,480,-2.6021936,-5.263959
HSP70|Pararge_aegeria_aegeria,HSP70,Pararge_aegeria_aegeria,esm2_t12_35M_UR50D,480,-1.5396913,-9.949284
HSP70|Andrena_minutula,HSP70,Andrena_minutula,esm2_t12_35M_UR50D,480,0.061491072,-9.389348
HSP70|Scyliorhinus_torazame,HSP70,Scyliorhinus_torazame,esm2_t12_35M_UR50D,480,-2.3332174,-5.631498
HSP70|Bison_bonasus,HSP70,Bison_bonasus,esm2_t12_35M_UR50D,480,-5.411968,-2.6108532
HSP70|Diceros_bicornis_minor,HSP70,Diceros_bicornis_minor,esm2_t12_35M_UR50D,480,-5.1748953,-2.8313494
HSP70|Lepeophtheirus_salmonis,HSP70,Lepeophtheirus_salmonis,esm2_t12_35M_UR50D,480,-0.33854952,-9.31732
HSP70|Neomonachus_schauinslandi,HSP70,Neomonachus_schauinslandi,esm2_t12_35M_UR50D,480,-5.4574137,-2.5098002
HSP70|Andrena_haemorrhoa,HSP70,Andrena_haemorrhoa,esm2_t12_35M_UR50D,480,-0.15806457,-9.383577
HSP70|Diatraea_saccharalis,HSP70,Diatraea_saccharalis,esm2_t12_35M_UR50D,480,-1.9582645,-10.088215
HSP70|Hippopotamus_amphibius_kiboko,HSP70,Hippopotamus_amphibius_kiboko,esm2_t12_35M_UR50D,480,-5.285702,-2.7184772
HSP70|Porospora_cf._gigantea_B,HSP70,Porospora_cf._gigantea_B,esm2_t12_35M_UR50D,480,-0.63430625,-9.6713085
HSP70|Galeopterus_variegatus,HSP70,Galeopterus_variegatus,esm2_t12_35M_UR50D,480,-5.4294815,-2.5433066
HSP70|Rotaria_socialis,HSP70,Rotaria_socialis,esm2_t12_35M_UR50D,480,-0.059180155,-9.190554
HSP70|Lytechinus_pictus,HSP70,Lytechinus_pictus,esm2_t12_35M_UR50D,480,-1.8129073,-9.295586
HSP70|Nitzschia_inconspicua,HSP70,Nitzschia_inconspicua,esm2_t12_35M_UR50D,480,-0.65808195,-9.684581
HSP70|Oegoconia_quadripuncta,HSP70,Oegoconia_quadripuncta,esm2_t12_35M_UR50D,480,-1.9842061,-9.672007
HSP70|Urocitellus_parryii,HSP70,Urocitellus_parryii,esm2_t12_35M_UR50D,480,-5.198845,-2.847308
HSP70|Bombus_haemorrhoidalis,HSP70,Bombus_haemorrhoidalis,esm2_t12_35M_UR50D,480,0.18637498,-9.397051
HSP70|Tetheella_fluctuosa,HSP70,Tetheella_fluctuosa,esm2_t12_35M_UR50D,480,-1.8308091,-10.021345
HSP70|Bos_gaurus,HSP70,Bos_gaurus,esm2_t12_35M_UR50D,480,-5.396502,-2.6045682
HSP70|Agelastica_alni,HSP70,Agelastica_alni,esm2_t12_35M_UR50D,480,-0.14694998,-9.198498
HSP70|Pseudorca_crassidens,HSP70,Pseudorca_crassidens,esm2_t12_35M_UR50D,480,-5.367376,-2.654281
HSP70|Rhagonycha_fulva,HSP70,Rhagonycha_fulva,esm2_t12_35M_UR50D,480,-0.096972115,-9.046562
HSP70|Sphaerophoria_taeniata,HSP70,Sphaerophoria_taeniata,esm2_t12_35M_UR50D,480,0.03783088,-8.443629
HSP70|Coilia_nasus,HSP70,Coilia_nasus,esm2_t12_35M_UR50D,480,-2.6882267,-5.082248
HSP70|Hypercompe_scribonia,HSP70,Hypercompe_scribonia,esm2_t12_35M_UR50D,480,-2.0612218,-9.714445
HSP70|Acromyrmex_heyeri,HSP70,Acromyrmex_heyeri,esm2_t12_35M_UR50D,480,0.09292653,-9.263992
HSP70|Polistes_fuscatus,HSP70,Polistes_fuscatus,esm2_t12_35M_UR50D,480,0.05165875,-9.149968
HSP70|Acanthosoma_haemorrhoidale,HSP70,Acanthosoma_haemorrhoidale,esm2_t12_35M_UR50D,480,-1.2480673,-9.640492
HSP70|Taeniopygia_guttata,HSP70,Taeniopygia_guttata,esm2_t12_35M_UR50D,480,-5.9411974,-2.794278
HSP70|Glyphotaelius_pellucidus,HSP70,Glyphotaelius_pellucidus,esm2_t12_35M_UR50D,480,-2.1134748,-9.65974
HSP70|Toxotes_jaculatrix,HSP70,Toxotes_jaculatrix,esm2_t12_35M_UR50D,480,-2.5266647,-5.368394
HSP70|Thalpophila_matura,HSP70,Thalpophila_matura,esm2_t12_35M_UR50D,480,-2.0304554,-10.435942
HSP70|Drosophila_navojoa,HSP70,Drosophila_navojoa,esm2_t12_35M_UR50D,480,0.12202205,-9.045372
HSP70|Schistosoma_mattheei,HSP70,Schistosoma_mattheei,esm2_t12_35M_UR50D,480,-0.6616822,-9.690974
HSP70|Eudonia_lacustrata,HSP70,Eudonia_lacustrata,esm2_t12_35M_UR50D,480,-1.9185168,-10.283519
HSP70|Apotomis_capreana,HSP70,Apotomis_capreana,esm2_t12_35M_UR50D,480,-1.9339312,-10.098724
HSP70|Pholis_gunnellus,HSP70,Pholis_gunnellus,esm2_t12_35M_UR50D,480,-2.5749106,-5.396371
HSP70|Ostrinia_furnacalis,HSP70,Ostrinia_furnacalis,esm2_t12_35M_UR50D,480,-1.9963742,-10.194923
HSP70|Strongylus_vulgaris,HSP70,Strongylus_vulgaris,esm2_t12_35M_UR50D,480,-0.63271546,-9.605876
HSP70|Vespa_mandarinia,HSP70,Vespa_mandarinia,esm2_t12_35M_UR50D,480,-0.049728744,-9.171126
HSP70|Chanos_chanos,HSP70,Chanos_chanos,esm2_t12_35M_UR50D,480,-2.6251726,-5.197689
HSP70|Pseudoliparis_sp._Yap_Trench,HSP70,Pseudoliparis_sp._Yap_Trench,esm2_t12_35M_UR50D,480,-2.4470308,-5.4731283
HSP70|Xenia_sp._Carnegie-2017,HSP70,Xenia_sp._Carnegie-2017,esm2_t12_35M_UR50D,480,-1.1487229,-9.151667
HSP70|Tupaia_chinensis,HSP70,Tupaia_chinensis,esm2_t12_35M_UR50D,480,-5.308828,-2.616181
HSP70|Triparma_verrucosa,HSP70,Triparma_verrucosa,esm2_t12_35M_UR50D,480,-1.223667,-10.105128
HSP70|Aphidius_gifuensis,HSP70,Aphidius_gifuensis,esm2_t12_35M_UR50D,480,0.013255976,-9.188259
HSP70|Cottoperca_gobio,HSP70,Cottoperca_gobio,esm2_t12_35M_UR50D,480,-2.5718372,-5.280754
HSP70|Ancylostoma_caninum,HSP70,Ancylostoma_caninum,esm2_t12_35M_UR50D,480,-0.21407707,-9.652395
HSP70|Stegodyphus_mimosarum,HSP70,Stegodyphus_mimosarum,esm2_t12_35M_UR50D,480,-1.4596549,-9.064997
HSP70|Trachinotus_ovatus,HSP70,Trachinotus_ovatus,esm2_t12_35M_UR50D,480,-2.4374247,-5.482684
HSP70|Pimephales_promelas,HSP70,Pimephales_promelas,esm2_t12_35M_UR50D,480,-2.6898053,-5.1253657
HSP70|Neophocaena_asiaeorientalis_asiaeorientalis,HSP70,Neophocaena_asiaeorientalis_asiaeorientalis,esm2_t12_35M_UR50D,480,-5.246357,-2.7584248
HSP70|Lampris_incognitus,HSP70,Lampris_incognitus,esm2_t12_35M_UR50D,480,-2.4866352,-5.4204426
HSP70|Sphaeramia_orbicularis,HSP70,Sphaeramia_orbicularis,esm2_t12_35M_UR50D,480,-2.4040556,-5.5504684
HSP70|Phytophthora_rubi,HSP70,Phytophthora_rubi,esm2_t12_35M_UR50D,480,-1.4466422,-9.554406
HSP70|Puma_concolor,HSP70,Puma_concolor,esm2_t12_35M_UR50D,480,-5.7314186,-2.158423
HSP70|Heterobilharzia_americana,HSP70,Heterobilharzia_americana,esm2_t12_35M_UR50D,480,-0.6624002,-9.645804
HSP70|Daphnia_pulicaria,HSP70,Daphnia_pulicaria,esm2_t12_35M_UR50D,480,-1.9439008,-9.504615
HSP70|Ennomos_quercinarius,HSP70,Ennomos_quercinarius,esm2_t12_35M_UR50D,480,-2.1548297,-9.781528
HSP70|Phragmatobia_fuliginosa,HSP70,Phragmatobia_fuliginosa,esm2_t12_35M_UR50D,480,-1.944997,-9.633221
HSP70|Onychomys_torridus,HSP70,Onychomys_torridus,esm2_t12_35M_UR50D,480,-5.3937645,-2.5715644
HSP70|Thymelicus_acteon,HSP70,Thymelicus_acteon,esm2_t12_35M_UR50D,480,-2.1871104,-9.809723
HSP70|Cheilosia_variabilis,HSP70,Cheilosia_variabilis,esm2_t12_35M_UR50D,480,0.07091045,-8.4377575
HSP70|Gerris_lacustris,HSP70,Gerris_lacustris,esm2_t12_35M_UR50D,480,-0.56114906,-9.381081
HSP70|Ypsolopha_scabrella,HSP70,Ypsolopha_scabrella,esm2_t12_35M_UR50D,480,-1.4992868,-10.064383
HSP70|Thymelicus_sylvestris,HSP70,Thymelicus_sylvestris,esm2_t12_35M_UR50D,480,-2.1675174,-9.9053545
HSP70|Trichinella_sp._T6,HSP70,Trichinella_sp._T6,esm2_t12_35M_UR50D,480,-0.6060296,-9.533803
HSP70|Oncorhynchus_tshawytscha,HSP70,Oncorhynchus_tshawytscha,esm2_t12_35M_UR50D,480,-2.6596632,-5.101544
HSP70|Mustela_lutreola,HSP70,Mustela_lutreola,esm2_t12_35M_UR50D,480,-5.7198606,-2.1543205
HSP70|Bombus_soroeensis,HSP70,Bombus_soroeensis,esm2_t12_35M_UR50D,480,0.20418434,-9.410321
HSP70|Phytophthora_ramorum,HSP70,Phytophthora_ramorum,esm2_t12_35M_UR50D,480,-1.5460159,-9.634267
HSP70|Poecilia_reticulata,HSP70,Poecilia_reticulata,esm2_t12_35M_UR50D,480,-2.4526498,-5.471588
HSP70|Eulithis_prunata,HSP70,Eulithis_prunata,esm2_t12_35M_UR50D,480,-1.8962212,-9.643094
HSP70|Aedes_aegypti,HSP70,Aedes_aegypti,esm2_t12_35M_UR50D,480,-1.7304235,-9.255235
HSP70|Albula_goreensis,HSP70,Albula_goreensis,esm2_t12_35M_UR50D,480,-2.5035017,-5.371087
HSP70|Numida_meleagris,HSP70,Numida_meleagris,esm2_t12_35M_UR50D,480,-5.9439883,-2.7889025
HSP70|Elephas_maximus,HSP70,Elephas_maximus,esm2_t12_35M_UR50D,480,-5.1442795,-2.8808408
HSP70|Melinaea_marsaeus_rileyi,HSP70,Melinaea_marsaeus_rileyi,esm2_t12_35M_UR50D,480,-1.4303744,-9.96424
HSP70|Odocoileus_hemionus_hemionus,HSP70,Odocoileus_hemionus_hemionus,esm2_t12_35M_UR50D,480,-5.3408103,-2.5780869
HSP70|Melanchra_persicariae,HSP70,Melanchra_persicariae,esm2_t12_35M_UR50D,480,-1.7098465,-10.630172
HSP70|Myiozetetes_cayanensis,HSP70,Myiozetetes_cayanensis,esm2_t12_35M_UR50D,480,-6.0251064,-2.8503764
HSP70|Steinernema_hermaphroditum,HSP70,Steinernema_hermaphroditum,esm2_t12_35M_UR50D,480,-0.9191252,-9.547322
HSP70|Musca_domestica,HSP70,Musca_domestica,esm2_t12_35M_UR50D,480,0.10194182,-8.433764
HSP70|Dolichovespula_saxonica,HSP70,Dolichovespula_saxonica,esm2_t12_35M_UR50D,480,0.034418773,-9.15455
HSP70|Conger_conger,HSP70,Conger_conger,esm2_t12_35M_UR50D,480,-2.7236814,-5.118812
HSP70|Trichoplax_sp._H2,HSP70,Trichoplax_sp._H2,esm2_t12_35M_UR50D,480,-1.1373976,-9.226779
HSP70|Anopheles_coustani,HSP70,Anopheles_coustani,esm2_t12_35M_UR50D,480,-1.626261,-9.357659
HSP70|Galemys_pyrenaicus,HSP70,Galemys_pyrenaicus,esm2_t12_35M_UR50D,480,-5.403163,-2.568287
HSP70|Thymallus_thymallus,HSP70,Thymallus_thymallus,esm2_t12_35M_UR50D,480,-2.6818922,-5.137411
HSP70|Baccha_elongata,HSP70,Baccha_elongata,esm2_t12_35M_UR50D,480,0.109772705,-8.377627
HSP70|Ectropis_grisescens,HSP70,Ectropis_grisescens,esm2_t12_35M_UR50D,480,-2.118346,-10.022651
HSP70|Gulo_gulo_luscus,HSP70,Gulo_gulo_luscus,esm2_t12_35M_UR50D,480,-5.343628,-2.4783354
HSP70|Schistosoma_haematobium,HSP70,Schistosoma_haematobium,esm2_t12_35M_UR50D,480,-0.6829908,-9.67473
HSP70|Achroia_grisella,HSP70,Achroia_grisella,esm2_t12_35M_UR50D,480,-2.121117,-9.943773
HSP70|Sarcophilus_harrisii,HSP70,Sarcophilus_harrisii,esm2_t12_35M_UR50D,480,-5.468641,-2.471905
HSP70|Nomada_fucata,HSP70,Nomada_fucata,esm2_t12_35M_UR50D,480,0.117064156,-9.310432
HSP70|Triparma_laevis_f._inornata,HSP70,Triparma_laevis_f._inornata,esm2_t12_35M_UR50D,480,-1.0183909,-10.19402
HSP70|Cephus_cinctus,HSP70,Cephus_cinctus,esm2_t12_35M_UR50D,480,0.10576798,-9.556975
HSP70|Guillardia_theta_CCMP2712,HSP70,Guillardia_theta_CCMP2712,esm2_t12_35M_UR50D,480,-1.1723931,-9.772077
HSP70|Blastocystis_sp._subtype_4,HSP70,Blastocystis_sp._subtype_4,esm2_t12_35M_UR50D,480,-1.6431963,-9.702134
HSP70|Batillaria_attramentaria,HSP70,Batillaria_attramentaria,esm2_t12_35M_UR50D,480,-1.8251995,-8.892054
HSP70|Schistosoma_margrebowiei,HSP70,Schistosoma_margrebowiei,esm2_t12_35M_UR50D,480,-0.6822673,-9.712214
HSP70|Iphiclides_podalirius,HSP70,Iphiclides_podalirius,esm2_t12_35M_UR50D,480,-1.7530009,-10.037952
HSP70|Camelus_bactrianus,HSP70,Camelus_bactrianus,esm2_t12_35M_UR50D,480,-5.6671743,-2.2111776
HSP70|Rhabdomys_pumilio,HSP70,Rhabdomys_pumilio,esm2_t12_35M_UR50D,480,-5.228262,-2.747162
HSP70|Phytophthora_capsici,HSP70,Phytophthora_capsici,esm2_t12_35M_UR50D,480,-1.4313244,-9.562619
HSP70|Apamea_sordens,HSP70,Apamea_sordens,esm2_t12_35M_UR50D,480,-1.6866227,-10.576527
HSP70|Triparma_strigata,HSP70,Triparma_strigata,esm2_t12_35M_UR50D,480,-1.1688292,-10.168442
HSP70|Carpatolechia_fugitivella,HSP70,Carpatolechia_fugitivella,esm2_t12_35M_UR50D,480,-1.9197664,-10.192536
HSP70|Antechinus_flavipes,HSP70,Antechinus_flavipes,esm2_t12_35M_UR50D,480,-5.775616,-2.1109092
HSP70|Alcis_repandata,HSP70,Alcis_repandata,esm2_t12_35M_UR50D,480,-2.0264196,-9.9298725
HSP70|Apeira_syringaria,HSP70,Apeira_syringaria,esm2_t12_35M_UR50D,480,-1.6399953,-10.156047
RPS3|Oryza_sativa_aromatic_subgroup,RPS3,Oryza_sativa_aromatic_subgroup,esm2_t12_35M_UR50D,480,4.5377088,15.941622
RPS3|Phascolomyces_articulosus,RPS3,Phascolomyces_articulosus,esm2_t12_35M_UR50D,480,2.793451,16.906437
RPS3|Daedalea_quercina_L-15889,RPS3,Daedalea_quercina_L-15889,esm2_t12_35M_UR50D,480,1.154529,17.728703
RPS3|Eupithecia_dodoneata,RPS3,Eupithecia_dodoneata,esm2_t12_35M_UR50D,480,3.7279613,15.097211
RPS3|Coemansia_sp._RSA_522,RPS3,Coemansia_sp._RSA_522,esm2_t12_35M_UR50D,480,2.716809,16.72109
RPS3|Vulpes_vulpes,RPS3,Vulpes_vulpes,esm2_t12_35M_UR50D,480,5.4446373,15.943613
RPS3|Anseranas_semipalmata,RPS3,Anseranas_semipalmata,esm2_t12_35M_UR50D,480,6.5185895,17.346218
RPS3|Pteronotus_parnellii_mesoamericanus,RPS3,Pteronotus_parnellii_mesoamericanus,esm2_t12_35M_UR50D,480,5.402582,15.965434
RPS3|Russula_ochroleuca,RPS3,Russula_ochroleuca,esm2_t12_35M_UR50D,480,1.2421873,17.602293
RPS3|Nyctereutes_procyonoides,RPS3,Nyctereutes_procyonoides,esm2_t12_35M_UR50D,480,5.4199424,15.934761
RPS3|Trametes_sanguinea,RPS3,Trametes_sanguinea,esm2_t12_35M_UR50D,480,1.1610243,17.727785
RPS3|Galerina_marginata_CBS_339.88,RPS3,Galerina_marginata_CBS_339.88,esm2_t12_35M_UR50D,480,1.0554343,17.835838
RPS3|Aspergillus_minisclerotigenes,RPS3,Aspergillus_minisclerotigenes,esm2_t12_35M_UR50D,480,0.4800463,15.632402
RPS3|Hypoxylon_sp._CI-4A,RPS3,Hypoxylon_sp._CI-4A,esm2_t12_35M_UR50D,480,1.2892987,14.982276
RPS3|Cryptosporidium_ubiquitum,RPS3,Cryptosporidium_ubiquitum,esm2_t12_35M_UR50D,480,4.5478773,15.955817
RPS3|Xanthoria_sp._2_TBL-2021,RPS3,Xanthoria_sp._2_TBL-2021,esm2_t12_35M_UR50D,480,0.55286235,15.38249
RPS3|Leishmania_enriettii,RPS3,Leishmania_enriettii,esm2_t12_35M_UR50D,480,4.2222743,15.855513
RPS3|Nothobranchius_furzeri,RPS3,Nothobranchius_furzeri,esm2_t12_35M_UR50D,480,6.359589,17.102428
RPS3|Boletus_edulis_BED1,RPS3,Boletus_edulis_BED1,esm2_t12_35M_UR50D,480,1.0451509,17.844152
RPS3|Heliconius_sara,RPS3,Heliconius_sara,esm2_t12_35M_UR50D,480,3.7075431,15.343831
RPS3|Fusarium_gaditjirri,RPS3,Fusarium_gaditjirri,esm2_t12_35M_UR50D,480,1.4119712,15.663118
RPS3|Saccharomyces_uvarum,RPS3,Saccharomyces_uvarum,esm2_t12_35M_UR50D,480,2.8148637,16.984924
RPS3|Ustilago_tritici,RPS3,Ustilago_tritici,esm2_t12_35M_UR50D,480,1.5535207,17.433496
RPS3|Peronosclerospora_sorghi,RPS3,Peronosclerospora_sorghi,esm2_t12_35M_UR50D,480,1.9776022,16.288044
RPS3|Mucor_lusitanicus_CBS_277.49,RPS3,Mucor_lusitanicus_CBS_277.49,esm2_t12_35M_UR50D,480,2.6681478,17.048883
RPS3|Emmonsia_crescens_UAMH_3008,RPS3,Emmonsia_crescens_UAMH_3008,esm2_t12_35M_UR50D,480,0.8134236,15.22889
RPS3|Metarhizium_anisopliae_BRIP_53293,RPS3,Metarhizium_anisopliae_BRIP_53293,esm2_t12_35M_UR50D,480,1.3546108,15.533262
RPS3|Sagittarius_serpentarius,RPS3,Sagittarius_serpentarius,esm2_t12_35M_UR50D,480,6.4613266,17.282545
RPS3|Rhabdomys_pumilio,RPS3,Rhabdomys_pumilio,esm2_t12_35M_UR50D,480,5.570282,15.893878
RPS3|Papilio_xuthus,RPS3,Papilio_xuthus,esm2_t12_35M_UR50D,480,3.7446415,15.160993
RPS3|Plasmodium_vinckei_lentum,RPS3,Plasmodium_vinckei_lentum,esm2_t12_35M_UR50D,480,3.8515325,15.610791
RPS3|Aspergillus_steynii_IBT_23096,RPS3,Aspergillus_steynii_IBT_23096,esm2_t12_35M_UR50D,480,1.4643809,15.551766
RPS3|Eugnorisma_glareosa,RPS3,Eugnorisma_glareosa,esm2_t12_35M_UR50D,480,3.7453601,15.074293
RPS3|Lipomyces_tetrasporus,RPS3,Lipomyces_tetrasporus,esm2_t12_35M_UR50D,480,2.8786843,16.935398
RPS3|Clathrospora_elynae,RPS3,Clathrospora_elynae,esm2_t12_35M_UR50D,480,1.6845441,15.549391
RPS3|Cladochytrium_tenue,RPS3,Cladochytrium_tenue,esm2_t12_35M_UR50D,480,-1.6355495,6.4360533
RPS3|Tulasnella_sp._408,RPS3,Tulasnella_sp._408,esm2_t12_35M_UR50D,480,4.05196,15.82366
RPS3|Loxia_curvirostra,RPS3,Loxia_curvirostra,esm2_t12_35M_UR50D,480,5.743561,16.950975
RPS3|Cutaneotrichosporon_oleaginosum,RPS3,Cutaneotrichosporon_oleaginosum,esm2_t12_35M_UR50D,480,1.70339,17.319416
RPS3|Harpagifer_antarcticus,RPS3,Harpagifer_antarcticus,esm2_t12_35M_UR50D,480,5.751347,16.01416
RPS3|Nothocercus_nigrocapillus,RPS3,Nothocercus_nigrocapillus,esm2_t12_35M_UR50D,480,5.687387,16.821188
RPS3|Pseudocercospora_fuligena,RPS3,Pseudocercospora_fuligena,esm2_t12_35M_UR50D,480,0.5122495,15.370638
RPS3|Mortierella_sp._GBA43,RPS3,Mortierella_sp._GBA43,esm2_t12_35M_UR50D,480,3.161113,15.870367
RPS3|Penicillium_ucsense,RPS3,Penicillium_ucsense,esm2_t12_35M_UR50D,480,0.6641258,15.372647
RPS3|Enhydra_lutris_kenyoni,RPS3,Enhydra_lutris_kenyoni,esm2_t12_35M_UR50D,480,5.5028114,15.877178
RPS3|Drechmeria_coniospora,RPS3,Drechmeria_coniospora,esm2_t12_35M_UR50D,480,1.4531635,15.9803295
RPS3|Capricornis_sumatraensis,RPS3,Capricornis_sumatraensis,esm2_t12_35M_UR50D,480,5.54284,16.342644
RPS3|Candelina_submexicana,RPS3,Candelina_submexicana,esm2_t12_35M_UR50D,480,0.76117593,15.236912
RPS3|Golovinomyces_cichoracearum,RPS3,Golovinomyces_cichoracearum,esm2_t12_35M_UR50D,480,1.3323799,15.005358
RPS3|Suillus_decipiens,RPS3,Suillus_decipiens,esm2_t12_35M_UR50D,480,1.0658877,17.826668
RPS3|Juncus_effusus,RPS3,Juncus_effusus,esm2_t12_35M_UR50D,480,4.3060975,15.938017
RPS3|Rhizopus_delemar_RA_99-880,RPS3,Rhizopus_delemar_RA_99-880,esm2_t12_35M_UR50D,480,2.8074608,16.933758
RPS3|Fragilaria_crotonensis,RPS3,Fragilaria_crotonensis,esm2_t12_35M_UR50D,480,1.9362082,16.281315
RPS3|Neolecta_irregularis_DAH-3,RPS3,Neolecta_irregularis_DAH-3,esm2_t12_35M_UR50D,480,1.3805326,17.30465
RPS3|Closterium_sp._Yama58-4,RPS3,Closterium_sp._Yama58-4,esm2_t12_35M_UR50D,480,-1.3606362,6.745952
RPS3|Cryptotermes_secundus,RPS3,Cryptotermes_secundus,esm2_t12_35M_UR50D,480,3.8218217,15.0511265
RPS3|Tridacna_gigas,RPS3,Tridacna_gigas,esm2_t12_35M_UR50D,480,3.865981,15.339176
RPS3|Naematelia_encephala,RPS3,Naematelia_encephala,esm2_t12_35M_UR50D,480,1.9080703,16.805176
RPS3|Pyrgus_malvae,RPS3,Pyrgus_malvae,esm2_t12_35M_UR50D,480,3.7312505,15.085512
RPS3|Xiphophorus_maculatus,RPS3,Xiphophorus_maculatus,esm2_t12_35M_UR50D,480,6.269202,16.996439
RPS3|Rhodocollybia_butyracea,RPS3,Rhodocollybia_butyracea,esm2_t12_35M_UR50D,480,1.0555103,17.83873
RPS3|Carassius_gibelio,RPS3,Carassius_gibelio,esm2_t12_35M_UR50D,480,6.1372075,16.7162
RPS3|Fusarium_sp._NRRL_25303,RPS3,Fusarium_sp._NRRL_25303,esm2_t12_35M_UR50D,480,1.4191055,15.632924
RPS3|Megaderma_spasma,RPS3,Megaderma_spasma,esm2_t12_35M_UR50D,480,5.4448795,15.972477
RPS3|Aplosporella_prunicola_CBS_121167,RPS3,Aplosporella_prunicola_CBS_121167,esm2_t12_35M_UR50D,480,0.43742928,15.686745
RPS3|Colletotrichum_sojae,RPS3,Colletotrichum_sojae,esm2_t12_35M_UR50D,480,1.0092924,15.450623
RPS3|Tauraco_erythrolophus,RPS3,Tauraco_erythrolophus,esm2_t12_35M_UR50D,480,-1.6448905,6.4173684
RPS3|Candida_albicans_P60002,RPS3,Candida_albicans_P60002,esm2_t12_35M_UR50D,480,2.874682,17.011124
RPS3|Colletotrichum_filicis,RPS3,Colletotrichum_filicis,esm2_t12_35M_UR50D,480,1.014876,15.6933565
RPS3|Cercospora_beticola,RPS3,Cercospora_beticola,esm2_t12_35M_UR50D,480,0.93054736,15.188739
RPS3|Schistosoma_japonicum,RPS3,Schistosoma_japonicum,esm2_t12_35M_UR50D,480,4.1294537,15.929899
RPS3|Nycticryphes_semicollaris,RPS3,Nycticryphes_semicollaris,esm2_t12_35M_UR50D,480,5.825427,17.00944
RPS3|Coemansia_sp._S680,RPS3,Coemansia_sp._S680,esm2_t12_35M_UR50D,480,2.6931777,16.722012
RPS3|Frieseomelitta_varia,RPS3,Frieseomelitta_varia,esm2_t12_35M_UR50D,480,3.7308156,15.340986
RPS3|Closterium_sp._NIES-68,RPS3,Closterium_sp._NIES-68,esm2_t12_35M_UR50D,480,4.1778903,16.026222
RPS3|Salix_dunnii,RPS3,Salix_dunnii,esm2_t12_35M_UR50D,480,-1.7128186,6.8386884
RPS3|Lophocebus_aterrimus,RPS3,Lophocebus_aterrimus,esm2_t12_35M_UR50D,480,5.8377686,15.84305
RPS3|Strongylocentrotus_purpuratus,RPS3,Strongylocentrotus_purpuratus,esm2_t12_35M_UR50D,480,0.6793859,15.468497
RPS3|Scophthalmus_maximus,RPS3,Scophthalmus_maximus,esm2_t12_35M_UR50D,480,6.401382,17.008537
RPS3|Sarcophaga_subvicina,RPS3,Sarcophaga_subvicina,esm2_t12_35M_UR50D,480,4.484827,15.968316
RPS3|Blastosporella_zonata,RPS3,Blastosporella_zonata,esm2_t12_35M_UR50D,480,1.0268155,17.860508
RPS3|Russula_compacta,RPS3,Russula_compacta,esm2_t12_35M_UR50D,480,1.2510494,17.586939
RPS3|Gopherus_evgoodei,RPS3,Gopherus_evgoodei,esm2_t12_35M_UR50D,480,6.4659863,17.303726
RPS3|Saccharomyces_cerevisiae_YJM1402,RPS3,Saccharomyces_cerevisiae_YJM1402,esm2_t12_35M_UR50D,480,2.926124,16.996483
RPS3|Saccharomyces_cerevisiae_YJM1592,RPS3,Saccharomyces_cerevisiae_YJM1592,esm2_t12_35M_UR50D,480,2.8901653,16.942024
RPS3|Aporophyla_nigra,RPS3,Aporophyla_nigra,esm2_t12_35M_UR50D,480,3.6836128,15.280286
RPS3|Dicrurus_megarhynchus,RPS3,Dicrurus_megarhynchus,esm2_t12_35M_UR50D,480,6.474834,17.295624
RPS3|Parastagonospora_nodorum_SN15,RPS3,Parastagonospora_nodorum_SN15,esm2_t12_35M_UR50D,480,0.41266358,15.611458
RPS3|Elaphurus_davidianus,RPS3,Elaphurus_davidianus,esm2_t12_35M_UR50D,480,5.827187,15.804855
RPS3|Trichomonas_vaginalis_G3,RPS3,Trichomonas_vaginalis_G3,esm2_t12_35M_UR50D,480,4.1972766,15.912202
RPS3|Sordaria_macrospora,RPS3,Sordaria_macrospora,esm2_t12_35M_UR50D,480,0.51615137,15.670133
RPS3|Eupsilia_transversa,RPS3,Eupsilia_transversa,esm2_t12_35M_UR50D,480,3.796637,15.124873
RPS3|Agrochola_circellaris,RPS3,Agrochola_circellaris,esm2_t12_35M_UR50D,480,3.7425327,15.034991
RPS3|Equus_caballus,RPS3,Equus_caballus,esm2_t12_35M_UR50D,480,5.497575,16.061909
RPS3|Cryptococcus_deuterogattii_CBS_10090,RPS3,Cryptococcus_deuterogattii_CBS_10090,esm2_t12_35M_UR50D,480,1.993145,17.310808
RPS3|Cladophialophora_yegresii_CBS_114405,RPS3,Cladophialophora_yegresii_CBS_114405,esm2_t12_35M_UR50D,480,0.38030082,15.566049
RPS3|Manihot_esculenta,RPS3,Manihot_esculenta,esm2_t12_35M_UR50D,480,4.5546336,15.960346
RPS3|Penicillium_sp._IBT_18751x,RPS3,Penicillium_sp._IBT_18751x,esm2_t12_35M_UR50D,480,0.4317406,15.620806
RPS3|Phytophthora_nicotianae_P10297,RPS3,Phytophthora_nicotianae_P10297,esm2_t12_35M_UR50D,480,1.9801304,16.35391
RPS3|Botrytis_deweyae,RPS3,Botrytis_deweyae,esm2_t12_35M_UR50D,480,1.287906,14.978072
RPS3|Camellia_lanceoleosa,RPS3,Camellia_lanceoleosa,esm2_t12_35M_UR50D,480,4.3150153,15.774239
RPS3|Aspergillus_pseudocaelatus,RPS3,Aspergillus_pseudocaelatus,esm2_t12_35M_UR50D,480,0.46609288,15.60869
RPS3|Seirophora_villosa,RPS3,Seirophora_villosa,esm2_t12_35M_UR50D,480,0.5038559,15.44802
RPS3|Pavlovales_sp._CCMP2436,RPS3,Pavlovales_sp._CCMP2436,esm2_t12_35M_UR50D,480,4.3592644,15.933721
RPS3|Aspergillus_japonicus_CBS_114.51,RPS3,Aspergillus_japonicus_CBS_114.51,esm2_t12_35M_UR50D,480,0.5089769,15.598934
RPS3|Trichoderma_reesei_QM6a,RPS3,Trichoderma_reesei_QM6a,esm2_t12_35M_UR50D,480,1.3278542,15.861443
RPS3|Phaeosphaeriaceae_sp._PMI808,RPS3,Phaeosphaeriaceae_sp._PMI808,esm2_t12_35M_UR50D,480,0.3487882,15.6034565
RPS3|Aspergillus_wentii,RPS3,Aspergillus_wentii,esm2_t12_35M_UR50D,480,0.6551853,15.428935
RPS3|Hypomontagnella_monticulosa,RPS3,Hypomontagnella_monticulosa,esm2_t12_35M_UR50D,480,1.2732654,15.011203
RPS3|Orycteropus_afer_afer,RPS3,Orycteropus_afer_afer,esm2_t12_35M_UR50D,480,5.4786143,15.945266
RPS3|Desarmillaria_ectypa,RPS3,Desarmillaria_ectypa,esm2_t12_35M_UR50D,480,0.9910055,17.906631
RPS3|Colletotrichum_liriopes,RPS3,Colletotrichum_liriopes,esm2_t12_35M_UR50D,480,0.9469322,15.513974
RPS3|Cryptococcus_amylolentus_CBS_6039,RPS3,Cryptococcus_amylolentus_CBS_6039,esm2_t12_35M_UR50D,480,1.9911292,17.325548
RPS3|Tritrichomonas_foetus,RPS3,Tritrichomonas_foetus,esm2_t12_35M_UR50D,480,4.1642175,15.966943
RPS3|Herminia_tarsipennalis,RPS3,Herminia_tarsipennalis,esm2_t12_35M_UR50D,480,3.797804,15.035761
RPS3|Macaria_notata,RPS3,Macaria_notata,esm2_t12_35M_UR50D,480,3.8001091,15.146061
RPS3|Wickerhamomyces_ciferrii,RPS3,Wickerhamomyces_ciferrii,esm2_t12_35M_UR50D,480,2.8408694,17.089457
RPS3|Saccharomyces_cerevisiae_YJM1385,RPS3,Saccharomyces_cerevisiae_YJM1385,esm2_t12_35M_UR50D,480,2.787498,17.058117
RPS3|Volucella_inflata,RPS3,Volucella_inflata,esm2_t12_35M_UR50D,480,4.808851,16.095924
RPS3|Varicellaria_rhodocarpa,RPS3,Varicellaria_rhodocarpa,esm2_t12_35M_UR50D,480,0.73930067,15.236557
RPS3|Fomes_fomentarius,RPS3,Fomes_fomentarius,esm2_t12_35M_UR50D,480,1.1534116,17.740128
RPS3|Postia_placenta_Mad-698-R,RPS3,Postia_placenta_Mad-698-R,esm2_t12_35M_UR50D,480,1.1312393,17.756763
RPS3|Diospyros_lotus,RPS3,Diospyros_lotus,esm2_t12_35M_UR50D,480,4.304829,15.85865
RPS3|Carpediemonas_membranifera,RPS3,Carpediemonas_membranifera,esm2_t12_35M_UR50D,480,4.331503,15.964454
RPS3|Heterotrigona_itama,RPS3,Heterotrigona_itama,esm2_t12_35M_UR50D,480,3.6865816,15.372294
RPS3|Morchella_sextelata,RPS3,Morchella_sextelata,esm2_t12_35M_UR50D,480,0.3684022,15.513428
RPS3|Clonostachys_solani,RPS3,Clonostachys_solani,esm2_t12_35M_UR50D,480,1.3296121,15.984844
RPS3|Onychorhynchus_coronatus,RPS3,Onychorhynchus_coronatus,esm2_t12_35M_UR50D,480,5.730491,16.89597
RPS3|Peromyscus_leucopus,RPS3,Peromyscus_leucopus,esm2_t12_35M_UR50D,480,5.461773,16.015276
RPS3|Prunus_persica,RPS3,Prunus_persica,esm2_t12_35M_UR50D,480,3.6726542,15.555042
RPS3|Tulasnella_sp._417,RPS3,Tulasnella_sp._417,esm2_t12_35M_UR50D,480,1.012482,17.885406
RPS3|Schizosaccharomyces_pombe,RPS3,Schizosaccharomyces_pombe,esm2_t12_35M_UR50D,480,2.372241,16.756685
RPS3|Kappamyces_sp._JEL0680,RPS3,Kappamyces_sp._JEL0680,esm2_t12_35M_UR50D,480,3.0687008,16.885553
RPS3|Toxoplasma_gondii_VEG,RPS3,Toxoplasma_gondii_VEG,esm2_t12_35M_UR50D,480,4.008538,15.468732
RPS3|Plasmodium_sp._DRC-Itaito,RPS3,Plasmodium_sp._DRC-Itaito,esm2_t12_35M_UR50D,480,3.8703835,15.653586
RPS3|Bos_indicus,RPS3,Bos_indicus,esm2_t12_35M_UR50D,480,5.8412976,15.841188
RPS3|Tyto_alba,RPS3,Tyto_alba,esm2_t12_35M_UR50D,480,6.463851,17.288904
RPS3|Gonocerus_acuteangulatus,RPS3,Gonocerus_acuteangulatus,esm2_t12_35M_UR50D,480,3.5445225,15.328709
RPS3|Malassezia_brasiliensis,RPS3,Malassezia_brasiliensis,esm2_t12_35M_UR50D,480,1.9933654,17.252825
RPS3|Tremellales_sp._Tagirdzhanova-0007,RPS3,Tremellales_sp._Tagirdzhanova-0007,esm2_t12_35M_UR50D,480,4.0711927,15.821329
RPS3|Pleurotus_ostreatoroseus,RPS3,Pleurotus_ostreatoroseus,esm2_t12_35M_UR50D,480,3.9216948,15.82334
RPS3|Morchella_importuna,RPS3,Morchella_importuna,esm2_t12_35M_UR50D,480,0.3724601,15.579634
RPS3|Petromyzon_marinus,RPS3,Petromyzon_marinus,esm2_t12_35M_UR50D,480,4.1255627,15.308096
RPS3|Aspergillus_aculeatus_ATCC_16872,RPS3,Aspergillus_aculeatus_ATCC_16872,esm2_t12_35M_UR50D,480,0.41080806,15.716591
RPS3|Saccharomyces_cerevisiae_R103,RPS3,Saccharomyces_cerevisiae_R103,esm2_t12_35M_UR50D,480,2.884906,17.018665
RPS3|Coemansia_sp._RSA_1938,RPS3,Coemansia_sp._RSA_1938,esm2_t12_35M_UR50D,480,2.7231727,16.761303
RPS3|Penicillium_digitatum_PHI26,RPS3,Penicillium_digitatum_PHI26,esm2_t12_35M_UR50D,480,0.42776904,15.639599
RPS3|Neopelma_chrysocephalum,RPS3,Neopelma_chrysocephalum,esm2_t12_35M_UR50D,480,6.475994,17.296034
RPS3|Oceanites_oceanicus,RPS3,Oceanites_oceanicus,esm2_t12_35M_UR50D,480,5.7321205,16.92611
RPS3|Eurypyga_helias,RPS3,Eurypyga_helias,esm2_t12_35M_UR50D,480,-1.6630551,6.4052076
RPS3|Hoolock_leuconedys,RPS3,Hoolock_leuconedys,esm2_t12_35M_UR50D,480,5.4153457,15.969099
RPS3|Cucumispora_dikerogammari,RPS3,Cucumispora_dikerogammari,esm2_t12_35M_UR50D,480,3.611703,15.490742
RPS3|Fusarium_coicis,RPS3,Fusarium_coicis,esm2_t12_35M_UR50D,480,1.4757284,15.612112
RPS3|Penicillium_angulare,RPS3,Penicillium_angulare,esm2_t12_35M_UR50D,480,0.64928204,15.320132
RPS3|Lachnellula_suecica,RPS3,Lachnellula_suecica,esm2_t12_35M_UR50D,480,1.3218656,14.947271
RPS3|Aromia_moschata,RPS3,Aromia_moschata,esm2_t12_35M_UR50D,480,-1.6302005,6.445822
RPS3|Rhizophagus_sp._MUCL_43196,RPS3,Rhizophagus_sp._MUCL_43196,esm2_t12_35M_UR50D,480,2.0500674,17.33689
RPS3|Trichophyton_rubrum_MR850,RPS3,Trichophyton_rubrum_MR850,esm2_t12_35M_UR50D,480,0.5455956,15.742069
RPS3|Rana_temporaria,RPS3,Rana_temporaria,esm2_t12_35M_UR50D,480,5.9007707,15.806554
RPS3|Trichophyton_soudanense_CBS_452.61,RPS3,Trichophyton_soudanense_CBS_452.61,esm2_t12_35M_UR50D,480,0.5372766,15.756266
RPS3|Chaetothyriales_sp._CBS_135597,RPS3,Chaetothyriales_sp._CBS_135597,esm2_t12_35M_UR50D,480,1.6971303,16.62906
RPS3|Hypsizygus_marmoreus,RPS3,Hypsizygus_marmoreus,esm2_t12_35M_UR50D,480,1.1220219,17.771395
RPS3|Peucedramus_taeniatus,RPS3,Peucedramus_taeniatus,esm2_t12_35M_UR50D,480,6.48071,17.301825
RPS3|Pandemis_cinnamomeana,RPS3,Pandemis_cinnamomeana,esm2_t12_35M_UR50D,480,3.731567,15.068723
RPS3|Pyricularia_oryzae_70-15,RPS3,Pyricularia_oryzae_70-15,esm2_t12_35M_UR50D,480,0.7374729,15.735194
RPS3|Branchiostoma_belcheri,RPS3,Branchiostoma_belcheri,esm2_t12_35M_UR50D,480,1.1125013,15.238194
RPS3|Xenopus_tropicalis,RPS3,Xenopus_tropicalis,esm2_t12_35M_UR50D,480,5.8882513,15.857739
RPS3|Biscogniauxia_marginata,RPS3,Biscogniauxia_marginata,esm2_t12_35M_UR50D,480,1.2856972,14.97163
RPS3|Trichinella_sp._T6,RPS3,Trichinella_sp._T6,esm2_t12_35M_UR50D,480,3.278541,15.409408
RPS3|Zymoseptoria_tritici_ST99CH_1E4,RPS3,Zymoseptoria_tritici_ST99CH_1E4,esm2_t12_35M_UR50D,480,0.79131675,15.209136
RPS3|Culex_pipiens_pallens,RPS3,Culex_pipiens_pallens,esm2_t12_35M_UR50D,480,4.499517,15.920146
RPS3|Odocoileus_virginianus_texanus,RPS3,Odocoileus_virginianus_texanus,esm2_t12_35M_UR50D,480,5.887009,15.821366
RPS3|Eudyptes_chrysolophus,RPS3,Eudyptes_chrysolophus,esm2_t12_35M_UR50D,480,5.8645945,17.043097
RPS3|Xylaria_venustula,RPS3,Xylaria_venustula,esm2_t12_35M_UR50D,480,1.279472,14.973675
RPS3|Komagataella_phaffii_GS115,RPS3,Komagataella_phaffii_GS115,esm2_t12_35M_UR50D,480,2.8109164,17.051308
RPS3|Ammospiza_caudacuta,RPS3,Ammospiza_caudacuta,esm2_t12_35M_UR50D,480,6.4575334,17.288563
RPS3|Sterrhoptilus_dennistouni,RPS3,Sterrhoptilus_dennistouni,esm2_t12_35M_UR50D,480,5.844905,17.038052
RPS3|Nematocida_minor,RPS3,Nematocida_minor,esm2_t12_35M_UR50D,480,3.5655406,15.548136
RPS3|Coemansia_sp._RSA_2598,RPS3,Coemansia_sp._RSA_2598,esm2_t12_35M_UR50D,480,2.711446,16.702204
RPS3|Vaccinium_darrowii,RPS3,Vaccinium_darrowii,esm2_t12_35M_UR50D,480,2.9186924,15.278728
RPS3|Tulasnella_sp._424,RPS3,Tulasnella_sp._424,esm2_t12_35M_UR50D,480,0.98722994,17.907705
RPS3|Amblyraja_radiata,RPS3,Amblyraja_radiata,esm2_t12_35M_UR50D,480,5.742836,15.851771
RPS3|Macrolepiota_fuliginosa_MF-IS2,RPS3,Macrolepiota_fuliginosa_MF-IS2,esm2_t12_35M_UR50D,480,1.0104944,17.879534
RPS3|Balaenoptera_musculus,RPS3,Balaenoptera_musculus,esm2_t12_35M_UR50D,480,5.8750153,15.842185
RPS3|Coemansia_sp._RSA_2705,RPS3,Coemansia_sp._RSA_2705,esm2_t12_35M_UR50D,480,2.6793532,16.778221
RPS3|Nicotiana_attenuata,RPS3,Nicotiana_attenuata,esm2_t12_35M_UR50D,480,4.2753386,15.721963
RPS3|Ammospiza_nelsoni,RPS3,Ammospiza_nelsoni,esm2_t12_35M_UR50D,480,6.536767,17.355923
RPS3|Cryptococcus_neoformans_var._grubii_Br795,RPS3,Cryptococcus_neoformans_var._grubii_Br795,esm2_t12_35M_UR50D,480,2.0026088,17.310661
RPS3|Nannospalax_galili,RPS3,Nannospalax_galili,esm2_t12_35M_UR50D,480,5.480051,15.927942
RPS3|Anabarilius_grahami,RPS3,Anabarilius_grahami,esm2_t12_35M_UR50D,480,14.921634,2.8890157
RPS3|Steccherinum_ochraceum,RPS3,Steccherinum_ochraceum,esm2_t12_35M_UR50D,480,1.1862835,17.708965
RPS3|Cordyceps_militaris,RPS3,Cordyceps_militaris,esm2_t12_35M_UR50D,480,1.5253912,15.5213175
RPS3|Cryptococcus_amylolentus_CBS_6273,RPS3,Cryptococcus_amylolentus_CBS_6273,esm2_t12_35M_UR50D,480,2.0318847,17.287031
RPS3|Cryptococcus_neoformans_var._grubii_Th84,RPS3,Cryptococcus_neoformans_var._grubii_Th84,esm2_t12_35M_UR50D,480,2.0040905,17.33853
RPS3|Polyplosphaeria_fusca,RPS3,Polyplosphaeria_fusca,esm2_t12_35M_UR50D,480,0.77558374,15.259325
RPS3|Cordyceps_sp._RAO-2017,RPS3,Cordyceps_sp._RAO-2017,esm2_t12_35M_UR50D,480,1.2732078,15.73192
RPS3|Tyrophagus_putrescentiae,RPS3,Tyrophagus_putrescentiae,esm2_t12_35M_UR50D,480,3.7918837,15.437624
RPS3|Rucervus_eldii_siamensis,RPS3,Rucervus_eldii_siamensis,esm2_t12_35M_UR50D,480,5.84884,15.841643
RPS3|Neofusicoccum_parvum,RPS3,Neofusicoccum_parvum,esm2_t12_35M_UR50D,480,0.5675223,15.584313
RPS3|Trichophyton_rubrum_MR1448,RPS3,Trichophyton_rubrum_MR1448,esm2_t12_35M_UR50D,480,0.4917893,15.667233
GAPDH|Aureobasidium_pullulans_EXF-150,GAPDH,Aureobasidium_pullulans_EXF-150,esm2_t12_35M_UR50D,480,-5.1680527,6.5137362
GAPDH|Penicilliopsis_zonata_CBS_506.65,GAPDH,Penicilliopsis_zonata_CBS_506.65,esm2_t12_35M_UR50D,480,-4.1160326,6.991016
GAPDH|Arvicola_amphibius,GAPDH,Arvicola_amphibius,esm2_t12_35M_UR50D,480,-1.7517883,6.752383
GAPDH|Aspergillus_luchuensis_IFO_4308,GAPDH,Aspergillus_luchuensis_IFO_4308,esm2_t12_35M_UR50D,480,-4.794471,6.547323
GAPDH|Fusarium_oxysporum_f._sp._conglutinans_race_2_54008,GAPDH,Fusarium_oxysporum_f._sp._conglutinans_race_2_54008,esm2_t12_35M_UR50D,480,-6.6748533,5.306309
GAPDH|Geranomyces_variabilis,GAPDH,Geranomyces_variabilis,esm2_t12_35M_UR50D,480,-3.521289,6.8531275
GAPDH|Aphanomyces_cochlioides,GAPDH,Aphanomyces_cochlioides,esm2_t12_35M_UR50D,480,-4.6552505,6.660913
GAPDH|Nothobranchius_furzeri,GAPDH,Nothobranchius_furzeri,esm2_t12_35M_UR50D,480,-4.141152,6.427378
GAPDH|Ustulina_deusta,GAPDH,Ustulina_deusta,esm2_t12_35M_UR50D,480,-6.2565274,5.661058
GAPDH|Trametes_cubensis,GAPDH,Trametes_cubensis,esm2_t12_35M_UR50D,480,-3.834803,6.033548
GAPDH|Flammula_alnicola,GAPDH,Flammula_alnicola,esm2_t12_35M_UR50D,480,-3.5026305,6.5621505
GAPDH|Hypoxylon_sp._CI-4A,GAPDH,Hypoxylon_sp._CI-4A,esm2_t12_35M_UR50D,480,-6.2389393,5.5982876
GAPDH|Funneliformis_caledonium,GAPDH,Funneliformis_caledonium,esm2_t12_35M_UR50D,480,-5.342925,6.5154047
GAPDH|Cladochytrium_replicatum,GAPDH,Cladochytrium_replicatum,esm2_t12_35M_UR50D,480,-6.5855713,5.5325875
GAPDH|Ephemera_danica,GAPDH,Ephemera_danica,esm2_t12_35M_UR50D,480,-4.411461,6.6607814
GAPDH|Alectoria_sarmentosa,GAPDH,Alectoria_sarmentosa,esm2_t12_35M_UR50D,480,-3.6050205,6.90922
GAPDH|Thamnidium_elegans,GAPDH,Thamnidium_elegans,esm2_t12_35M_UR50D,480,-5.355816,6.450856
GAPDH|Rhodosorus_marinus,GAPDH,Rhodosorus_marinus,esm2_t12_35M_UR50D,480,-4.3946986,6.3955717
GAPDH|Idaea_aversata,GAPDH,Idaea_aversata,esm2_t12_35M_UR50D,480,-3.970402,4.8088684
GAPDH|Cavia_porcellus,GAPDH,Cavia_porcellus,esm2_t12_35M_UR50D,480,-2.2810547,6.0932727
GAPDH|Rattus_norvegicus,GAPDH,Rattus_norvegicus,esm2_t12_35M_UR50D,480,-2.2070978,6.004115
GAPDH|Lasiommata_megera,GAPDH,Lasiommata_megera,esm2_t12_35M_UR50D,480,-3.926715,7.1670127
GAPDH|Mycena_belliae,GAPDH,Mycena_belliae,esm2_t12_35M_UR50D,480,-5.390463,6.591472
GAPDH|Erannis_defoliaria,GAPDH,Erannis_defoliaria,esm2_t12_35M_UR50D,480,-3.996813,4.826711
GAPDH|Bactrocera_oleae,GAPDH,Bactrocera_oleae,esm2_t12_35M_UR50D,480,-4.331553,5.496688
GAPDH|Nicrophorus_vespilloides,GAPDH,Nicrophorus_vespilloides,esm2_t12_35M_UR50D,480,-3.828637,6.965074
GAPDH|Pogona_vitticeps,GAPDH,Pogona_vitticeps,esm2_t12_35M_UR50D,480,-4.2457514,6.3002043
GAPDH|Aspergillus_luchuensis,GAPDH,Aspergillus_luchuensis,esm2_t12_35M_UR50D,480,-3.8704526,7.1094155
GAPDH|Plasmodium_falciparum_NF135_5.C10,GAPDH,Plasmodium_falciparum_NF135_5.C10,esm2_t12_35M_UR50D,480,-3.4237134,6.836974
GAPDH|Synanthedon_myopaeformis,GAPDH,Synanthedon_myopaeformis,esm2_t12_35M_UR50D,480,1.1476816,3.127137
GAPDH|Oopsacas_minuta,GAPDH,Oopsacas_minuta,esm2_t12_35M_UR50D,480,-3.4963088,6.772486
GAPDH|Candida_albicans_P75063,GAPDH,Candida_albicans_P75063,esm2_t12_35M_UR50D,480,-6.839897,6.3149667
GAPDH|Candida_albicans_P78048,GAPDH,Candida_albicans_P78048,esm2_t12_35M_UR50D,480,-6.8373513,6.3179493
GAPDH|Aureobasidium_subglaciale_EXF-2481,GAPDH,Aureobasidium_subglaciale_EXF-2481,esm2_t12_35M_UR50D,480,-5.0793915,6.231033
GAPDH|Falco_tinnunculus,GAPDH,Falco_tinnunculus,esm2_t12_35M_UR50D,480,-4.253237,6.3457146
GAPDH|Halteromyces_radiatus,GAPDH,Halteromyces_radiatus,esm2_t12_35M_UR50D,480,-4.717392,6.401596
GAPDH|Thelocarpon_impressellum,GAPDH,Thelocarpon_impressellum,esm2_t12_35M_UR50D,480,-4.86859,6.469357
GAPDH|Rusa_alfredi,GAPDH,Rusa_alfredi,esm2_t12_35M_UR50D,480,-2.26026,6.0401077
GAPDH|Alsophila_aescularia,GAPDH,Alsophila_aescularia,esm2_t12_35M_UR50D,480,-3.9759755,4.7995563
GAPDH|Balearica_regulorum_gibbericeps,GAPDH,Balearica_regulorum_gibbericeps,esm2_t12_35M_UR50D,480,-1.1674598,6.917115
GAPDH|Rhodotorula_toruloides_ATCC_204091,GAPDH,Rhodotorula_toruloides_ATCC_204091,esm2_t12_35M_UR50D,480,-0.997487,6.9142256
GAPDH|Leucosporidium_creatinivorum,GAPDH,Leucosporidium_creatinivorum,esm2_t12_35M_UR50D,480,-3.570196,6.8579035
GAPDH|Thryonomys_swinderianus,GAPDH,Thryonomys_swinderianus,esm2_t12_35M_UR50D,480,-2.3737884,6.26613
GAPDH|Penicillium_rubens,GAPDH,Penicillium_rubens,esm2_t12_35M_UR50D,480,-4.4195995,5.469586
GAPDH|Drepana_falcataria,GAPDH,Drepana_falcataria,esm2_t12_35M_UR50D,480,1.2082949,3.0658119
GAPDH|Mycena_latifolia,GAPDH,Mycena_latifolia,esm2_t12_35M_UR50D,480,-4.525996,5.490676
GAPDH|Tympanuchus_pallidicinctus,GAPDH,Tympanuchus_pallidicinctus,esm2_t12_35M_UR50D,480,-4.1852837,6.4001865
GAPDH|Entophlyctis_luteolus,GAPDH,Entophlyctis_luteolus,esm2_t12_35M_UR50D,480,-3.4276164,6.532285
GAPDH|Gerris_lacustris,GAPDH,Gerris_lacustris,esm2_t12_35M_UR50D,480,-4.3735757,6.759893
GAPDH|Acleris_literana,GAPDH,Acleris_literana,esm2_t12_35M_UR50D,480,1.0785353,3.204513
GAPDH|Plasmodium_cynomolgi_strain_B,GAPDH,Plasmodium_cynomolgi_strain_B,esm2_t12_35M_UR50D,480,-3.558324,6.810846
GAPDH|Apodemus_sylvaticus,GAPDH,Apodemus_sylvaticus,esm2_t12_35M_UR50D,480,-2.1826375,5.9827814
GAPDH|Fragaria_vesca_subsp._vesca,GAPDH,Fragaria_vesca_subsp._vesca,esm2_t12_35M_UR50D,480,-4.2929506,6.8872313
GAPDH|Verticillium_dahliae_VDG1,GAPDH,Verticillium_dahliae_VDG1,esm2_t12_35M_UR50D,480,-6.32632,5.711739
GAPDH|Powellomyces_hirtus,GAPDH,Powellomyces_hirtus,esm2_t12_35M_UR50D,480,-4.6986594,6.568435
GAPDH|Candidula_unifasciata,GAPDH,Candidula_unifasciata,esm2_t12_35M_UR50D,480,-4.121219,5.4510546
GAPDH|Biomphalaria_pfeifferi,GAPDH,Biomphalaria_pfeifferi,esm2_t12_35M_UR50D,480,-5.3454247,6.510761
GAPDH|Pammene_fasciana,GAPDH,Pammene_fasciana,esm2_t12_35M_UR50D,480,-3.9120042,7.160033
GAPDH|Rhizoctonia_solani_AG-1_IB,GAPDH,Rhizoctonia_solani_AG-1_IB,esm2_t12_35M_UR50D,480,-4.9046783,6.4112077
GAPDH|Nannochloropsis_salina_CCMP1776,GAPDH,Nannochloropsis_salina_CCMP1776,esm2_t12_35M_UR50D,480,-6.5722904,5.5382233
GAPDH|Fusarium_oxysporum_f._sp._radicis-lycopersici_26381,GAPDH,Fusarium_oxysporum_f._sp._radicis-lycopersici_26381,esm2_t12_35M_UR50D,480,-6.601486,5.3261595
GAPDH|Exophiala_sideris,GAPDH,Exophiala_sideris,esm2_t12_35M_UR50D,480,-5.246239,6.4135895
GAPDH|Acomys_cahirinus,GAPDH,Acomys_cahirinus,esm2_t12_35M_UR50D,480,-1.6309296,6.6443834
GAPDH|Tulasnella_calospora_MUT_4182,GAPDH,Tulasnella_calospora_MUT_4182,esm2_t12_35M_UR50D,480,-5.267226,6.535794
GAPDH|Diabrotica_balteata,GAPDH,Diabrotica_balteata,esm2_t12_35M_UR50D,480,-2.3030663,6.0146265
GAPDH|Ogataea_parapolymorpha,GAPDH,Ogataea_parapolymorpha,esm2_t12_35M_UR50D,480,-4.7108245,6.510511
GAPDH|Kazachstania_naganishii_CBS_8797,GAPDH,Kazachstania_naganishii_CBS_8797,esm2_t12_35M_UR50D,480,-1.2502701,6.749087
GAPDH|Phlyctochytrium_arcticum,GAPDH,Phlyctochytrium_arcticum,esm2_t12_35M_UR50D,480,-3.5475943,6.8517456
GAPDH|Aureobasidium_namibiae_CBS_147.97,GAPDH,Aureobasidium_namibiae_CBS_147.97,esm2_t12_35M_UR50D,480,-5.204351,6.2544465
GAPDH|Dichotomocladium_elegans,GAPDH,Dichotomocladium_elegans,esm2_t12_35M_UR50D,480,-5.2094264,6.5532184
GAPDH|Tetrapisispora_phaffii_CBS_4417,GAPDH,Tetrapisispora_phaffii_CBS_4417,esm2_t12_35M_UR50D,480,-4.5861382,6.078488
GAPDH|Obelidium_mucronatum,GAPDH,Obelidium_mucronatum,esm2_t12_35M_UR50D,480,-4.377044,6.1861176
GAPDH|Akanthomyces_lecanii_RCEF_1005,GAPDH,Akanthomyces_lecanii_RCEF_1005,esm2_t12_35M_UR50D,480,-6.14481,5.747823
GAPDH|Ciccaba_nigrolineata,GAPDH,Ciccaba_nigrolineata,esm2_t12_35M_UR50D,480,-1.1038094,6.9757876
GAPDH|Schaereria_dolodes,GAPDH,Schaereria_dolodes,esm2_t12_35M_UR50D,480,-0.9694288,6.829213
GAPDH|Mycena_metata,GAPDH,Mycena_metata,esm2_t12_35M_UR50D,480,-1.0184286,6.9162536
GAPDH|Daldinia_loculata,GAPDH,Daldinia_loculata,esm2_t12_35M_UR50D,480,-6.196363,5.695235
GAPDH|Monosporascus_sp._mg162,GAPDH,Monosporascus_sp._mg162,esm2_t12_35M_UR50D,480,-6.13927,5.7424583
GAPDH|Indicator_indicator,GAPDH,Indicator_indicator,esm2_t12_35M_UR50D,480,-4.2001333,6.352485
GAPDH|Aspergillus_sergii,GAPDH,Aspergillus_sergii,esm2_t12_35M_UR50D,480,-4.2639813,5.5497603
GAPDH|Cynocephalus_volans,GAPDH,Cynocephalus_volans,esm2_t12_35M_UR50D,480,-1.8063477,6.7607102
GAPDH|Enterospora_canceri,GAPDH,Enterospora_canceri,esm2_t12_35M_UR50D,480,-4.3518677,7.061981
GAPDH|Zeuzera_pyrina,GAPDH,Zeuzera_pyrina,esm2_t12_35M_UR50D,480,1.1900982,3.0851176
GAPDH|Operophtera_brumata,GAPDH,Operophtera_brumata,esm2_t12_35M_UR50D,480,-3.9088237,7.169366
GAPDH|Mycena_floridula,GAPDH,Mycena_floridula,esm2_t12_35M_UR50D,480,-5.128921,6.670576
GAPDH|Rattus_rattus,GAPDH,Rattus_rattus,esm2_t12_35M_UR50D,480,-2.223633,6.022108
GAPDH|Ilyonectria_robusta,GAPDH,Ilyonectria_robusta,esm2_t12_35M_UR50D,480,-6.613342,5.2536654
GAPDH|Meriones_unguiculatus,GAPDH,Meriones_unguiculatus,esm2_t12_35M_UR50D,480,-2.2261562,6.006464
GAPDH|Myotis_brandtii,GAPDH,Myotis_brandtii,esm2_t12_35M_UR50D,480,-2.1721733,6.078756
GAPDH|Corythaeola_cristata,GAPDH,Corythaeola_cristata,esm2_t12_35M_UR50D,480,-2.9459798,6.5601797
GAPDH|Plasmodium_falciparum_FCH_4,GAPDH,Plasmodium_falciparum_FCH_4,esm2_t12_35M_UR50D,480,-1.574731,6.756279
GAPDH|Elysia_marginata,GAPDH,Elysia_marginata,esm2_t12_35M_UR50D,480,-1.2969326,6.8166304
GAPDH|Naumovozyma_dairenensis_CBS_421,GAPDH,Naumovozyma_dairenensis_CBS_421,esm2_t12_35M_UR50D,480,-4.250141,5.9221754
GAPDH|Terfezia_boudieri_ATCC_MYA-4762,GAPDH,Terfezia_boudieri_ATCC_MYA-4762,esm2_t12_35M_UR50D,480,-3.2079632,6.61267
GAPDH|Wickerhamomyces_ciferrii,GAPDH,Wickerhamomyces_ciferrii,esm2_t12_35M_UR50D,480,-5.2793975,6.599119
GAPDH|Corythaixoides_concolor,GAPDH,Corythaixoides_concolor,esm2_t12_35M_UR50D,480,-1.1001526,6.983525
GAPDH|Archips_xylosteana,GAPDH,Archips_xylosteana,esm2_t12_35M_UR50D,480,-4.220804,5.1244287
GAPDH|Sousa_chinensis,GAPDH,Sousa_chinensis,esm2_t12_35M_UR50D,480,-4.185116,6.3762865
GAPDH|Metarhizium_album_ARSEF_1941,GAPDH,Metarhizium_album_ARSEF_1941,esm2_t12_35M_UR50D,480,-6.316219,5.676378
GAPDH|Apiotrichum_porosum,GAPDH,Apiotrichum_porosum,esm2_t12_35M_UR50D,480,-5.078148,6.3348107
GAPDH|Euphydryas_editha,GAPDH,Euphydryas_editha,esm2_t12_35M_UR50D,480,1.1854349,3.0895953
GAPDH|Mus_pahari,GAPDH,Mus_pahari,esm2_t12_35M_UR50D,480,-2.1679971,5.9558454
GAPDH|Gymnopilus_junonius,GAPDH,Gymnopilus_junonius,esm2_t12_35M_UR50D,480,-4.0704947,5.8265095
GAPDH|Lobulomyces_angularis,GAPDH,Lobulomyces_angularis,esm2_t12_35M_UR50D,480,1.0442448,3.2184374
GAPDH|Candida_albicans_P76067,GAPDH,Candida_albicans_P76067,esm2_t12_35M_UR50D,480,-6.8479176,6.3206363
GAPDH|Pholiota_conissans,GAPDH,Pholiota_conissans,esm2_t12_35M_UR50D,480,-3.8519545,5.8663373
GAPDH|Pseudohyphozyma_bogoriensis,GAPDH,Pseudohyphozyma_bogoriensis,esm2_t12_35M_UR50D,480,-3.7231688,6.256648
GAPDH|Edhazardia_aedis_USNM_41457,GAPDH,Edhazardia_aedis_USNM_41457,esm2_t12_35M_UR50D,480,-4.8644648,6.954363
GAPDH|Drosophila_jambulina,GAPDH,Drosophila_jambulina,esm2_t12_35M_UR50D,480,-4.386079,6.9599147
GAPDH|Camponotus_floridanus,GAPDH,Camponotus_floridanus,esm2_t12_35M_UR50D,480,-4.3791575,7.0147533
GAPDH|Apotomis_turbidana,GAPDH,Apotomis_turbidana,esm2_t12_35M_UR50D,480,-4.0707903,4.9362674
GAPDH|Erebia_ligea,GAPDH,Erebia_ligea,esm2_t12_35M_UR50D,480,1.1630582,3.1119585
GAPDH|Bicyclus_anynana,GAPDH,Bicyclus_anynana,esm2_t12_35M_UR50D,480,-3.9985003,4.8143864
GAPDH|Physocladia_obscura,GAPDH,Physocladia_obscura,esm2_t12_35M_UR50D,480,-4.467467,6.6649303
GAPDH|Fusarium_odoratissimum_NRRL_54006,GAPDH,Fusarium_odoratissimum_NRRL_54006,esm2_t12_35M_UR50D,480,-6.5706677,5.4218893
GAPDH|Plasmodium_vivax_Brazil_I,GAPDH,Plasmodium_vivax_Brazil_I,esm2_t12_35M_UR50D,480,-3.4874709,6.812899
GAPDH|Hypsopygia_costalis,GAPDH,Hypsopygia_costalis,esm2_t12_35M_UR50D,480,1.2202799,3.0574832
GAPDH|Fusarium_oxysporum_f._sp._pisi_HDV247,GAPDH,Fusarium_oxysporum_f._sp._pisi_HDV247,esm2_t12_35M_UR50D,480,-6.602269,5.3384724
GAPDH|Brettanomyces_bruxellensis_AWRI1499,GAPDH,Brettanomyces_bruxellensis_AWRI1499,esm2_t12_35M_UR50D,480,-1.0326836,6.837147
GAPDH|Bombus_bifarius,GAPDH,Bombus_bifarius,esm2_t12_35M_UR50D,480,-4.3447638,5.2062945
GAPDH|Verticillium_nonalfalfae,GAPDH,Verticillium_nonalfalfae,esm2_t12_35M_UR50D,480,-6.4428825,5.650467
GAPDH|Hirsutella_minnesotensis_3608,GAPDH,Hirsutella_minnesotensis_3608,esm2_t12_35M_UR50D,480,-6.3267603,5.5623064
GAPDH|Microtus_fortis,GAPDH,Microtus_fortis,esm2_t12_35M_UR50D,480,-2.2681155,6.0677204
GAPDH|Physella_acuta,GAPDH,Physella_acuta,esm2_t12_35M_UR50D,480,-3.1509132,6.644381
GAPDH|Hippocampus_comes,GAPDH,Hippocampus_comes,esm2_t12_35M_UR50D,480,-4.259922,6.4508705
GAPDH|Zymoseptoria_brevis,GAPDH,Zymoseptoria_brevis,esm2_t12_35M_UR50D,480,-4.9057703,6.386597
GAPDH|Spinellus_fusiger,GAPDH,Spinellus_fusiger,esm2_t12_35M_UR50D,480,-5.283574,6.7104335
GAPDH|Fusarium_sp._NRRL_52700,GAPDH,Fusarium_sp._NRRL_52700,esm2_t12_35M_UR50D,480,-6.5994887,5.2938967
GAPDH|Paragonimus_kellicotti,GAPDH,Paragonimus_kellicotti,esm2_t12_35M_UR50D,480,-4.7377324,6.708677
GAPDH|Pandemis_corylana,GAPDH,Pandemis_corylana,esm2_t12_35M_UR50D,480,-4.321181,5.1940055
GAPDH|Hirsutella_rhossiliensis,GAPDH,Hirsutella_rhossiliensis,esm2_t12_35M_UR50D,480,-6.3420424,5.644834
GAPDH|Massariosphaeria_phaeospora,GAPDH,Massariosphaeria_phaeospora,esm2_t12_35M_UR50D,480,-5.2915044,6.488288
GAPDH|Laccaria_amethystina_LaAM-08-1,GAPDH,Laccaria_amethystina_LaAM-08-1,esm2_t12_35M_UR50D,480,-5.2034693,6.801465
GAPDH|Motacilla_alba_alba,GAPDH,Motacilla_alba_alba,esm2_t12_35M_UR50D,480,-2.3966086,6.582234
GAPDH|Metarhizium_rileyi_RCEF_4871,GAPDH,Metarhizium_rileyi_RCEF_4871,esm2_t12_35M_UR50D,480,-3.2829201,6.6491356
GAPDH|Ecliptopera_silaceata,GAPDH,Ecliptopera_silaceata,esm2_t12_35M_UR50D,480,-4.324426,5.3431787
GAPDH|Funneliformis_geosporum,GAPDH,Funneliformis_geosporum,esm2_t12_35M_UR50D,480,-6.8789277,6.342836
GAPDH|Erythrocercus_mccallii,GAPDH,Erythrocercus_mccallii,esm2_t12_35M_UR50D,480,-1.1334572,6.89796
GAPDH|Letharia_columbiana,GAPDH,Letharia_columbiana,esm2_t12_35M_UR50D,480,-5.1001143,6.51345
GAPDH|Aspergillus_wentii_DTO_134E9,GAPDH,Aspergillus_wentii_DTO_134E9,esm2_t12_35M_UR50D,480,-4.917313,6.391656
GAPDH|Hibiscus_syriacus,GAPDH,Hibiscus_syriacus,esm2_t12_35M_UR50D,480,-1.3021653,6.8371
GAPDH|Pilobolus_umbonatus,GAPDH,Pilobolus_umbonatus,esm2_t12_35M_UR50D,480,-5.3808208,6.375437
GAPDH|Eremothecium_gossypii_FDAG1,GAPDH,Eremothecium_gossypii_FDAG1,esm2_t12_35M_UR50D,480,-6.543613,5.993195
GAPDH|Thelazia_callipaeda,GAPDH,Thelazia_callipaeda,esm2_t12_35M_UR50D,480,-4.008735,5.9177527
GAPDH|Peromyscus_leucopus,GAPDH,Peromyscus_leucopus,esm2_t12_35M_UR50D,480,-2.266122,6.0161614
GAPDH|Apotomis_betuletana,GAPDH,Apotomis_betuletana,esm2_t12_35M_UR50D,480,-4.0991836,4.9654794
GAPDH|Mycena_rosella,GAPDH,Mycena_rosella,esm2_t12_35M_UR50D,480,-4.5369363,5.527124
GAPDH|Dipodomys_spectabilis,GAPDH,Dipodomys_spectabilis,esm2_t12_35M_UR50D,480,-5.35072,6.5816774
GAPDH|Candida_albicans_P57072,GAPDH,Candida_albicans_P57072,esm2_t12_35M_UR50D,480,-6.8012924,6.271566
GAPDH|Bondarzewia_mesenterica,GAPDH,Bondarzewia_mesenterica,esm2_t12_35M_UR50D,480,-3.520998,6.5631423
GAPDH|Sanghuangporus_baumii,GAPDH,Sanghuangporus_baumii,esm2_t12_35M_UR50D,480,-5.0807014,5.990351
GAPDH|Fusarium_oxysporum_f._sp._conglutinans,GAPDH,Fusarium_oxysporum_f._sp._conglutinans,esm2_t12_35M_UR50D,480,-6.4965305,5.3781266
GAPDH|Hypoxylon_fuscum,GAPDH,Hypoxylon_fuscum,esm2_t12_35M_UR50D,480,-6.219305,5.702488
GAPDH|Hypoxylon_rubiginosum,GAPDH,Hypoxylon_rubiginosum,esm2_t12_35M_UR50D,480,-6.232921,5.7316537
GAPDH|Postia_placenta,GAPDH,Postia_placenta,esm2_t12_35M_UR50D,480,-1.2111784,6.886234
GAPDH|Eudemis_profundana,GAPDH,Eudemis_profundana,esm2_t12_35M_UR50D,480,-4.019674,4.8463793
GAPDH|Eupeodes_luniger,GAPDH,Eupeodes_luniger,esm2_t12_35M_UR50D,480,-4.239691,5.216008
GAPDH|Melanargia_galathea,GAPDH,Melanargia_galathea,esm2_t12_35M_UR50D,480,-1.2935077,6.7764487
GAPDH|Cydia_splendana,GAPDH,Cydia_splendana,esm2_t12_35M_UR50D,480,-3.890954,7.1701317
GAPDH|Plasmodium_falciparum_Tanzania_2000708,GAPDH,Plasmodium_falciparum_Tanzania_2000708,esm2_t12_35M_UR50D,480,-3.4498253,6.8309937
GAPDH|Aspergillus_affinis,GAPDH,Aspergillus_affinis,esm2_t12_35M_UR50D,480,-4.357308,5.4947095
GAPDH|Gregarina_niphandrodes,GAPDH,Gregarina_niphandrodes,esm2_t12_35M_UR50D,480,-4.393373,6.7785244
GAPDH|Ranitomeya_imitator,GAPDH,Ranitomeya_imitator,esm2_t12_35M_UR50D,480,-3.1277294,6.5866694
GAPDH|Dissostichus_eleginoides,GAPDH,Dissostichus_eleginoides,esm2_t12_35M_UR50D,480,-3.6815162,6.429307
GAPDH|Sporodiniella_umbellata,GAPDH,Sporodiniella_umbellata,esm2_t12_35M_UR50D,480,-5.0387416,6.5985003
GAPDH|Athrips_mouffetella,GAPDH,Athrips_mouffetella,esm2_t12_35M_UR50D,480,-3.9801612,4.7972894
GAPDH|Geoglossum_simile,GAPDH,Geoglossum_simile,esm2_t12_35M_UR50D,480,-1.297754,6.8114257
GAPDH|Plasmodium_vivax_Mauritania_I,GAPDH,Plasmodium_vivax_Mauritania_I,esm2_t12_35M_UR50D,480,-3.4787657,6.8101964
GAPDH|Maylandia_zebra,GAPDH,Maylandia_zebra,esm2_t12_35M_UR50D,480,-4.170577,6.358239
GAPDH|Armillaria_solidipes,GAPDH,Armillaria_solidipes,esm2_t12_35M_UR50D,480,-1.2137517,6.877911
GAPDH|Gamsiella_multidivaricata,GAPDH,Gamsiella_multidivaricata,esm2_t12_35M_UR50D,480,-4.491577,5.8780975
GAPDH|Teleiodes_luculella,GAPDH,Teleiodes_luculella,esm2_t12_35M_UR50D,480,1.1797038,3.0970314
GAPDH|Ramularia_collo-cygni,GAPDH,Ramularia_collo-cygni,esm2_t12_35M_UR50D,480,-4.951005,6.2688327
GAPDH|Fusarium_pseudograminearum_CS3096,GAPDH,Fusarium_pseudograminearum_CS3096,esm2_t12_35M_UR50D,480,-6.5731683,5.2744164
GAPDH|Anania_crocealis,GAPDH,Anania_crocealis,esm2_t12_35M_UR50D,480,1.1829432,3.0914586
GAPDH|Agriopis_aurantiaria,GAPDH,Agriopis_aurantiaria,esm2_t12_35M_UR50D,480,-4.2499676,5.287515
GAPDH|Varroa_destructor,GAPDH,Varroa_destructor,esm2_t12_35M_UR50D,480,-4.549023,6.364916
GAPDH|Dactylonectria_estremocensis,GAPDH,Dactylonectria_estremocensis,esm2_t12_35M_UR50D,480,-6.561007,5.315973
GAPDH|Rodentolepis_nana,GAPDH,Rodentolepis_nana,esm2_t12_35M_UR50D,480,-4.6410356,6.6694055
GAPDH|Penelope_pileata,GAPDH,Penelope_pileata,esm2_t12_35M_UR50D,480,-1.061484,6.974866
GAPDH|Synanthedon_andrenaeformis,GAPDH,Synanthedon_andrenaeformis,esm2_t12_35M_UR50D,480,1.1688268,3.1054513
GAPDH|Porites_lobata,GAPDH,Porites_lobata,esm2_t12_35M_UR50D,480,-1.4588193,6.8890834
GAPDH|Candida_albicans_GC75,GAPDH,Candida_albicans_GC75,esm2_t12_35M_UR50D,480,-6.8331804,6.3062353
GAPDH|Cryptotermes_secundus,GAPDH,Cryptotermes_secundus,esm2_t12_35M_UR50D,480,-4.192643,5.14335
GAPDH|Lactarius_quietus,GAPDH,Lactarius_quietus,esm2_t12_35M_UR50D,480,-3.7570472,6.018873
GAPDH|Fusarium_musae,GAPDH,Fusarium_musae,esm2_t12_35M_UR50D,480,-6.6041384,5.2470107
GAPDH|Gaertneriomyces_semiglobifer,GAPDH,Gaertneriomyces_semiglobifer,esm2_t12_35M_UR50D,480,-4.5156665,6.4117994
GAPDH|Endotricha_flammealis,GAPDH,Endotricha_flammealis,esm2_t12_35M_UR50D,480,1.1755167,3.0987325
GAPDH|Naumovozyma_castellii_CBS_4309,GAPDH,Naumovozyma_castellii_CBS_4309,esm2_t12_35M_UR50D,480,-3.9774415,5.93044
GAPDH|Mesembrinibis_cayennensis,GAPDH,Mesembrinibis_cayennensis,esm2_t12_35M_UR50D,480,-1.065968,7.0223966
GAPDH|Candida_albicans_19F,GAPDH,Candida_albicans_19F,esm2_t12_35M_UR50D,480,-6.8535767,6.305042
GAPDH|Cydia_strobilella,GAPDH,Cydia_strobilella,esm2_t12_35M_UR50D,480,-4.27,5.262826
GAPDH|Entomortierella_chlamydospora,GAPDH,Entomortierella_chlamydospora,esm2_t12_35M_UR50D,480,-4.902218,6.493872
GAPDH|Aphanomyces_astaci,GAPDH,Aphanomyces_astaci,esm2_t12_35M_UR50D,480,-4.6506414,6.625729
GAPDH|Elegia_similella,GAPDH,Elegia_similella,esm2_t12_35M_UR50D,480,-4.190588,5.141314
GAPDH|Trichoplax_adhaerens,GAPDH,Trichoplax_adhaerens,esm2_t12_35M_UR50D,480,-5.13988,6.3724823
GAPDH|Drechslerella_stenobrocha_248,GAPDH,Drechslerella_stenobrocha_248,esm2_t12_35M_UR50D,480,-4.855725,6.611792
GAPDH|Reinhardtius_hippoglossoides,GAPDH,Reinhardtius_hippoglossoides,esm2_t12_35M_UR50D,480,-1.382041,6.921083
GAPDH|Coemansia_asiatica,GAPDH,Coemansia_asiatica,esm2_t12_35M_UR50D,480,-4.289394,6.5136795
GAPDH|Aphelenchoides_fujianensis,GAPDH,Aphelenchoides_fujianensis,esm2_t12_35M_UR50D,480,-4.230034,5.6766515
CYTC|Silurus_asotus,CYTC,Silurus_asotus,esm2_t12_35M_UR50D,480,15.0103035,2.9130533
CYTC|Saccharomyces_cerevisiae_YJM1573,CYTC,Saccharomyces_cerevisiae_YJM1573,esm2_t12_35M_UR50D,480,17.079096,1.8536617
CYTC|Sapayoa_aenigma,CYTC,Sapayoa_aenigma,esm2_t12_35M_UR50D,480,15.758792,0.5943364
CYTC|Aureobasidium_sp._EXF-8845,CYTC,Aureobasidium_sp._EXF-8845,esm2_t12_35M_UR50D,480,18.000912,4.759491
CYTC|Pyrgilauda_ruficollis,CYTC,Pyrgilauda_ruficollis,esm2_t12_35M_UR50D,480,15.889231,0.63749313
CYTC|Phthorimaea_operculella,CYTC,Phthorimaea_operculella,esm2_t12_35M_UR50D,480,17.612696,2.4221928
CYTC|Hypomontagnella_submonticulosa,CYTC,Hypomontagnella_submonticulosa,esm2_t12_35M_UR50D,480,18.112799,4.920558
CYTC|Fusarium_oxysporum_f._sp._pisi_HDV247,CYTC,Fusarium_oxysporum_f._sp._pisi_HDV247,esm2_t12_35M_UR50D,480,18.733597,5.3436465
CYTC|Colletotrichum_viniferum,CYTC,Colletotrichum_viniferum,esm2_t12_35M_UR50D,480,18.762106,5.3923683
CYTC|Spizaetus_tyrannus,CYTC,Spizaetus_tyrannus,esm2_t12_35M_UR50D,480,15.842742,0.5795237
CYTC|Idaea_dimidiata,CYTC,Idaea_dimidiata,esm2_t12_35M_UR50D,480,17.514225,2.6882324
CYTC|Diplocarpon_rosae,CYTC,Diplocarpon_rosae,esm2_t12_35M_UR50D,480,15.218203,2.8996449
CYTC|Malassezia_sympodialis_ATCC_42132,CYTC,Malassezia_sympodialis_ATCC_42132,esm2_t12_35M_UR50D,480,18.085707,4.8113923
CYTC|Rhodotorula_diobovata,CYTC,Rhodotorula_diobovata,esm2_t12_35M_UR50D,480,17.893929,3.4865956
CYTC|Myodes_glareolus,CYTC,Myodes_glareolus,esm2_t12_35M_UR50D,480,15.414418,0.62836325
CYTC|Fissipunctia_ypsillon,CYTC,Fissipunctia_ypsillon,esm2_t12_35M_UR50D,480,17.614798,2.4900112
CYTC|Moesziomyces_antarcticus,CYTC,Moesziomyces_antarcticus,esm2_t12_35M_UR50D,480,17.94507,4.617519
CYTC|Mortierella_sp._GBA39,CYTC,Mortierella_sp._GBA39,esm2_t12_35M_UR50D,480,17.704927,3.557525
CYTC|Vicia_faba,CYTC,Vicia_faba,esm2_t12_35M_UR50D,480,16.21678,3.3417728
CYTC|Martensiomyces_pterosporus,CYTC,Martensiomyces_pterosporus,esm2_t12_35M_UR50D,480,18.743128,5.051335
CYTC|[Candida]_pseudohaemulonii,CYTC,[Candida]_pseudohaemulonii,esm2_t12_35M_UR50D,480,17.078812,1.842011
CYTC|Coemansia_sp._RSA_532,CYTC,Coemansia_sp._RSA_532,esm2_t12_35M_UR50D,480,15.063682,2.8798552
CYTC|Truncatella_angustata,CYTC,Truncatella_angustata,esm2_t12_35M_UR50D,480,18.061653,4.882686
CYTC|Sporodiniella_umbellata,CYTC,Sporodiniella_umbellata,esm2_t12_35M_UR50D,480,17.783802,3.4721406
CYTC|Molorchus_minor,CYTC,Molorchus_minor,esm2_t12_35M_UR50D,480,15.921922,0.55028635
CYTC|Thalictrum_thalictroides,CYTC,Thalictrum_thalictroides,esm2_t12_35M_UR50D,480,16.151953,3.342289
CYTC|Exophiala_oligosperma,CYTC,Exophiala_oligosperma,esm2_t12_35M_UR50D,480,17.768562,4.5263457
CYTC|Penicillium_paradoxum,CYTC,Penicillium_paradoxum,esm2_t12_35M_UR50D,480,16.931015,3.7196941
CYTC|Amyelois_transitella,CYTC,Amyelois_transitella,esm2_t12_35M_UR50D,480,17.730469,2.6065726
CYTC|Amylostereum_chailletii,CYTC,Amylostereum_chailletii,esm2_t12_35M_UR50D,480,17.336695,3.5926704
CYTC|Megalopta_genalis,CYTC,Megalopta_genalis,esm2_t12_35M_UR50D,480,18.216452,2.5072615
CYTC|Dendroctonus_ponderosae,CYTC,Dendroctonus_ponderosae,esm2_t12_35M_UR50D,480,17.340982,1.8584038
CYTC|Blastobasis_lacticolella,CYTC,Blastobasis_lacticolella,esm2_t12_35M_UR50D,480,17.64837,2.6195066
CYTC|Macrophya_alboannulata,CYTC,Macrophya_alboannulata,esm2_t12_35M_UR50D,480,17.555265,2.68542
CYTC|Pleurotus_ostreatus,CYTC,Pleurotus_ostreatus,esm2_t12_35M_UR50D,480,17.243483,3.611514
CYTC|Fonsecaea_pedrosoi_CBS_271.37,CYTC,Fonsecaea_pedrosoi_CBS_271.37,esm2_t12_35M_UR50D,480,15.319444,3.0311964
CYTC|Diospyros_lotus,CYTC,Diospyros_lotus,esm2_t12_35M_UR50D,480,16.186129,3.2478065
CYTC|Adalia_bipunctata,CYTC,Adalia_bipunctata,esm2_t12_35M_UR50D,480,18.033796,2.5313594
CYTC|Squalus_suckleyi,CYTC,Squalus_suckleyi,esm2_t12_35M_UR50D,480,16.137661,0.7508458
CYTC|Rhynchosporium_commune,CYTC,Rhynchosporium_commune,esm2_t12_35M_UR50D,480,17.69238,4.5596275
CYTC|Trizodia_sp._TS-e1964,CYTC,Trizodia_sp._TS-e1964,esm2_t12_35M_UR50D,480,18.400932,4.0572333
CYTC|Verticillium_dahliae_VdLs.17,CYTC,Verticillium_dahliae_VdLs.17,esm2_t12_35M_UR50D,480,18.798645,4.764647
CYTC|Fusarium_proliferatum,CYTC,Fusarium_proliferatum,esm2_t12_35M_UR50D,480,18.693026,5.304474
CYTC|Allomyces_javanicus,CYTC,Allomyces_javanicus,esm2_t12_35M_UR50D,480,17.360983,3.6517692
CYTC|Armillaria_gallica,CYTC,Armillaria_gallica,esm2_t12_35M_UR50D,480,17.673008,3.626152
CYTC|Boeremia_exigua,CYTC,Boeremia_exigua,esm2_t12_35M_UR50D,480,18.00185,4.9241667
CYTC|Aspergillus_oryzae,CYTC,Aspergillus_oryzae,esm2_t12_35M_UR50D,480,15.447071,3.090507
CYTC|Clonostachys_rhizophaga,CYTC,Clonostachys_rhizophaga,esm2_t12_35M_UR50D,480,18.878157,4.7678165
CYTC|Eudyptes_schlegeli,CYTC,Eudyptes_schlegeli,esm2_t12_35M_UR50D,480,15.825098,0.512896
CYTC|Neurospora_crassa,CYTC,Neurospora_crassa,esm2_t12_35M_UR50D,480,18.110178,4.9119077
CYTC|Hypoxylon_sp._FL0890,CYTC,Hypoxylon_sp._FL0890,esm2_t12_35M_UR50D,480,18.058678,4.9633164
CYTC|Lampris_incognitus,CYTC,Lampris_incognitus,esm2_t12_35M_UR50D,480,16.173489,0.71670145
CYTC|Russula_brevipes,CYTC,Russula_brevipes,esm2_t12_35M_UR50D,480,17.525469,3.5002804
CYTC|Schizopora_paradoxa,CYTC,Schizopora_paradoxa,esm2_t12_35M_UR50D,480,15.903916,3.1674705
CYTC|Striga_hermonthica,CYTC,Striga_hermonthica,esm2_t12_35M_UR50D,480,16.116562,3.231503
CYTC|Hoolock_leuconedys,CYTC,Hoolock_leuconedys,esm2_t12_35M_UR50D,480,15.480542,0.64603585
CYTC|Trichoderma_harzianum_CBS_226.95,CYTC,Trichoderma_harzianum_CBS_226.95,esm2_t12_35M_UR50D,480,18.847883,4.7432656
CYTC|Claviceps_cyperi,CYTC,Claviceps_cyperi,esm2_t12_35M_UR50D,480,15.73248,3.117743
CYTC|Podochytrium_sp._JEL0797,CYTC,Podochytrium_sp._JEL0797,esm2_t12_35M_UR50D,480,-0.8769332,-10.200237
CYTC|Scheffersomyces_stipitis,CYTC,Scheffersomyces_stipitis,esm2_t12_35M_UR50D,480,17.075272,1.8447955
CYTC|Pollenia_labialis,CYTC,Pollenia_labialis,esm2_t12_35M_UR50D,480,17.805763,2.373055
CYTC|Dermochelys_coriacea,CYTC,Dermochelys_coriacea,esm2_t12_35M_UR50D,480,16.129139,0.70846987
CYTC|Ustilago_maydis_521,CYTC,Ustilago_maydis_521,esm2_t12_35M_UR50D,480,17.706594,4.5399013
CYTC|Picochlorum_sp._BPE23,CYTC,Picochlorum_sp._BPE23,esm2_t12_35M_UR50D,480,16.7019,2.8820162
CYTC|Pygathrix_nigripes,CYTC,Pygathrix_nigripes,esm2_t12_35M_UR50D,480,15.516681,0.566203
CYTC|Neodiprion_virginianus,CYTC,Neodiprion_virginianus,esm2_t12_35M_UR50D,480,15.194321,2.9491384
CYTC|Drosophila_teissieri,CYTC,Drosophila_teissieri,esm2_t12_35M_UR50D,480,17.977043,2.5808375
CYTC|Stachybotrys_chlorohalonata_IBT_40285,CYTC,Stachybotrys_chlorohalonata_IBT_40285,esm2_t12_35M_UR50D,480,18.813372,4.771437
CYTC|Coniochaeta_sp._PMI_546,CYTC,Coniochaeta_sp._PMI_546,esm2_t12_35M_UR50D,480,15.172247,2.971587
CYTC|Monosporascus_ibericus,CYTC,Monosporascus_ibericus,esm2_t12_35M_UR50D,480,17.939882,4.848441
CYTC|Mycena_maculata,CYTC,Mycena_maculata,esm2_t12_35M_UR50D,480,17.560429,4.0577774
CYTC|Phaseolus_vulgaris,CYTC,Phaseolus_vulgaris,esm2_t12_35M_UR50D,480,16.086653,3.2918806
CYTC|Trichoderma_lentiforme,CYTC,Trichoderma_lentiforme,esm2_t12_35M_UR50D,480,18.876518,4.7361164
CYTC|Phytophthora_lilii,CYTC,Phytophthora_lilii,esm2_t12_35M_UR50D,480,15.895015,3.1515346
CYTC|Colletotrichum_orbiculare_MAFF_240422,CYTC,Colletotrichum_orbiculare_MAFF_240422,esm2_t12_35M_UR50D,480,18.730082,4.8674455
CYTC|Clydaea_vesicula,CYTC,Clydaea_vesicula,esm2_t12_35M_UR50D,480,17.608662,3.0950873
CYTC|Cordyceps_javanica,CYTC,Cordyceps_javanica,esm2_t12_35M_UR50D,480,15.078416,2.946258
CYTC|Dunaliella_salina,CYTC,Dunaliella_salina,esm2_t12_35M_UR50D,480,16.551355,1.1623175
CYTC|Certhia_brachydactyla,CYTC,Certhia_brachydactyla,esm2_t12_35M_UR50D,480,15.875461,0.5858927
CYTC|Phaeodactylum_tricornutum_CCAP_1055_1,CYTC,Phaeodactylum_tricornutum_CCAP_1055_1,esm2_t12_35M_UR50D,480,15.9481325,0.6266065
CYTC|Hordeum_vulgare,CYTC,Hordeum_vulgare,esm2_t12_35M_UR50D,480,16.323439,3.407958
CYTC|Ustilago_hordei,CYTC,Ustilago_hordei,esm2_t12_35M_UR50D,480,17.729197,4.5947967
CYTC|Schistocerca_serialis_cubense,CYTC,Schistocerca_serialis_cubense,esm2_t12_35M_UR50D,480,17.928549,2.287867
CYTC|Triticum_aestivum,CYTC,Triticum_aestivum,esm2_t12_35M_UR50D,480,16.397726,3.4004092
CYTC|Loxospora_ochrophaea,CYTC,Loxospora_ochrophaea,esm2_t12_35M_UR50D,480,17.9547,4.7223725
CYTC|Phlogophora_meticulosa,CYTC,Phlogophora_meticulosa,esm2_t12_35M_UR50D,480,17.478445,2.4240654
CYTC|Coemansia_pectinata,CYTC,Coemansia_pectinata,esm2_t12_35M_UR50D,480,17.720293,3.7025852
CYTC|Moesziomyces_aphidis,CYTC,Moesziomyces_aphidis,esm2_t12_35M_UR50D,480,18.08879,4.3773503
CYTC|Bradysia_coprophila,CYTC,Bradysia_coprophila,esm2_t12_35M_UR50D,480,16.186932,0.97061574
CYTC|Mus_musculus_molossinus,CYTC,Mus_musculus_molossinus,esm2_t12_35M_UR50D,480,15.518234,0.5584007
CYTC|Dichotomocladium_elegans,CYTC,Dichotomocladium_elegans,esm2_t12_35M_UR50D,480,17.627611,3.2861726
CYTC|Cryptomeria_japonica,CYTC,Cryptomeria_japonica,esm2_t12_35M_UR50D,480,16.043041,3.2918434
CYTC|Deilephila_elpenor,CYTC,Deilephila_elpenor,esm2_t12_35M_UR50D,480,17.547255,2.5578887
CYTC|Acipenser_oxyrinchus_oxyrinchus,CYTC,Acipenser_oxyrinchus_oxyrinchus,esm2_t12_35M_UR50D,480,16.195942,0.6411182
CYTC|Diachasma_alloeum,CYTC,Diachasma_alloeum,esm2_t12_35M_UR50D,480,18.059143,2.3846846
CYTC|Drosophila_mauritiana,CYTC,Drosophila_mauritiana,esm2_t12_35M_UR50D,480,18.130388,2.5417123
CYTC|Apis_mellifera,CYTC,Apis_mellifera,esm2_t12_35M_UR50D,480,18.092754,2.3552601
CYTC|Ligdia_adustata,CYTC,Ligdia_adustata,esm2_t12_35M_UR50D,480,17.409742,2.310016
CYTC|Colletotrichum_plurivorum,CYTC,Colletotrichum_plurivorum,esm2_t12_35M_UR50D,480,18.788837,5.302584
CYTC|Fibroporia_radiculosa,CYTC,Fibroporia_radiculosa,esm2_t12_35M_UR50D,480,17.476637,3.7420514
CYTC|Lachnellula_willkommii,CYTC,Lachnellula_willkommii,esm2_t12_35M_UR50D,480,15.1201315,3.0125654
CYTC|Citrus_sinensis,CYTC,Citrus_sinensis,esm2_t12_35M_UR50D,480,16.268492,3.3916948
CYTC|Suillus_subluteus,CYTC,Suillus_subluteus,esm2_t12_35M_UR50D,480,17.721413,3.4849195
CYTC|Addax_nasomaculatus,CYTC,Addax_nasomaculatus,esm2_t12_35M_UR50D,480,15.55569,0.5221608
CYTC|Geosmithia_morbida,CYTC,Geosmithia_morbida,esm2_t12_35M_UR50D,480,18.815702,4.6499643
CYTC|Heliosperma_pusillum,CYTC,Heliosperma_pusillum,esm2_t12_35M_UR50D,480,16.380886,3.375405
CYTC|Neofusicoccum_parvum,CYTC,Neofusicoccum_parvum,esm2_t12_35M_UR50D,480,17.973038,4.879948
CYTC|Aspergillus_niger_CBS_513.88,CYTC,Aspergillus_niger_CBS_513.88,esm2_t12_35M_UR50D,480,17.059523,3.7436118
CYTC|Lachancea_quebecensis,CYTC,Lachancea_quebecensis,esm2_t12_35M_UR50D,480,17.035154,1.7971206
CYTC|Alternaria_alternata,CYTC,Alternaria_alternata,esm2_t12_35M_UR50D,480,17.826797,4.77521
CYTC|Salix_dunnii,CYTC,Salix_dunnii,esm2_t12_35M_UR50D,480,16.21056,3.3482401
CYTC|Eschrichtius_robustus,CYTC,Eschrichtius_robustus,esm2_t12_35M_UR50D,480,15.479918,0.5660124
CYTC|Baudoinia_panamericana_UAMH_10762,CYTC,Baudoinia_panamericana_UAMH_10762,esm2_t12_35M_UR50D,480,17.821081,4.757395
CYTC|Fusarium_oxysporum_f._sp._vasinfectum_25433,CYTC,Fusarium_oxysporum_f._sp._vasinfectum_25433,esm2_t12_35M_UR50D,480,18.762062,5.349438
CYTC|Solanum_chilense,CYTC,Solanum_chilense,esm2_t12_35M_UR50D,480,16.331888,3.3290112
CYTC|Solea_solea,CYTC,Solea_solea,esm2_t12_35M_UR50D,480,16.222502,0.81390065
CYTC|Solenodon_paradoxus,CYTC,Solenodon_paradoxus,esm2_t12_35M_UR50D,480,15.557899,0.5087334
CYTC|Fusarium_oxysporum_f._sp._melonis_26406,CYTC,Fusarium_oxysporum_f._sp._melonis_26406,esm2_t12_35M_UR50D,480,18.76218,5.351799
CYTC|Saccharomyces_cerevisiae_YJM248,CYTC,Saccharomyces_cerevisiae_YJM248,esm2_t12_35M_UR50D,480,17.079119,1.8547887
CYTC|Sporisorium_reilianum_SRZ2,CYTC,Sporisorium_reilianum_SRZ2,esm2_t12_35M_UR50D,480,16.429525,2.9197385
CYTC|Fusarium_phyllophilum,CYTC,Fusarium_phyllophilum,esm2_t12_35M_UR50D,480,18.762749,5.3597403
CYTC|Aspergillus_neoniger_CBS_115656,CYTC,Aspergillus_neoniger_CBS_115656,esm2_t12_35M_UR50D,480,15.391506,3.099307
CYTC|Nakaseomyces_glabratus,CYTC,Nakaseomyces_glabratus,esm2_t12_35M_UR50D,480,17.064564,1.8156998
CYTC|Salarias_fasciatus,CYTC,Salarias_fasciatus,esm2_t12_35M_UR50D,480,16.283756,0.8335648
CYTC|Pisolithus_sp._B1,CYTC,Pisolithus_sp._B1,esm2_t12_35M_UR50D,480,17.436146,3.682447
CYTC|Pneumocystis_wakefieldiae,CYTC,Pneumocystis_wakefieldiae,esm2_t12_35M_UR50D,480,16.385456,1.3069956
CYTC|Bembecia_ichneumoniformis,CYTC,Bembecia_ichneumoniformis,esm2_t12_35M_UR50D,480,17.591257,2.5915442
CYTC|Blastomyces_parvus,CYTC,Blastomyces_parvus,esm2_t12_35M_UR50D,480,15.334996,3.0876122
CYTC|Austrofundulus_limnaeus,CYTC,Austrofundulus_limnaeus,esm2_t12_35M_UR50D,480,16.090982,0.7068379
CYTC|Epinephelus_moara,CYTC,Epinephelus_moara,esm2_t12_35M_UR50D,480,16.371557,0.8875186
CYTC|Scytalopus_superciliaris,CYTC,Scytalopus_superciliaris,esm2_t12_35M_UR50D,480,15.841958,0.57350576
CYTC|Acaulospora_colombiana,CYTC,Acaulospora_colombiana,esm2_t12_35M_UR50D,480,1.070922,3.3471878
CYTC|Dreissena_polymorpha,CYTC,Dreissena_polymorpha,esm2_t12_35M_UR50D,480,15.662697,2.9599562
CYTC|Terrapene_carolina_triunguis,CYTC,Terrapene_carolina_triunguis,esm2_t12_35M_UR50D,480,15.824596,0.56037533
CYTC|Neofusicoccum_parvum_UCRNP2,CYTC,Neofusicoccum_parvum_UCRNP2,esm2_t12_35M_UR50D,480,17.862598,4.935315
CYTC|Trametes_cinnabarina,CYTC,Trametes_cinnabarina,esm2_t12_35M_UR50D,480,17.439558,3.9130435
CYTC|Dipodomys_spectabilis,CYTC,Dipodomys_spectabilis,esm2_t12_35M_UR50D,480,15.611078,0.50151277
CYTC|Drosophila_navojoa,CYTC,Drosophila_navojoa,esm2_t12_35M_UR50D,480,18.214046,2.5204656
CYTC|Carcina_quercana,CYTC,Carcina_quercana,esm2_t12_35M_UR50D,480,17.508461,2.4811194
CYTC|Heliconius_sara,CYTC,Heliconius_sara,esm2_t12_35M_UR50D,480,17.632586,2.6407368
CYTC|Zopfochytrium_polystomum,CYTC,Zopfochytrium_polystomum,esm2_t12_35M_UR50D,480,17.605377,2.805461
CYTC|Aspergillus_bertholletiae,CYTC,Aspergillus_bertholletiae,esm2_t12_35M_UR50D,480,17.531168,3.6895664
CYTC|Trametes_cubensis,CYTC,Trametes_cubensis,esm2_t12_35M_UR50D,480,17.304115,3.8051345
CYTC|Candida_albicans_P75010,CYTC,Candida_albicans_P75010,esm2_t12_35M_UR50D,480,17.066673,1.8120304
CYTC|Clonostachys_chloroleuca,CYTC,Clonostachys_chloroleuca,esm2_t12_35M_UR50D,480,18.873743,4.7560787
CYTC|Cryptotermes_secundus,CYTC,Cryptotermes_secundus,esm2_t12_35M_UR50D,480,18.201149,2.4964962
CYTC|Stenella_coeruleoalba,CYTC,Stenella_coeruleoalba,esm2_t12_35M_UR50D,480,15.455867,0.62298614
CYTC|Ganoderma_leucocontextum,CYTC,Ganoderma_leucocontextum,esm2_t12_35M_UR50D,480,17.134811,3.7542584
CYTC|Rhizopus_delemar_RA_99-880,CYTC,Rhizopus_delemar_RA_99-880,esm2_t12_35M_UR50D,480,17.689241,3.5975738
CYTC|Macrolepiota_fuliginosa_MF-IS2,CYTC,Macrolepiota_fuliginosa_MF-IS2,esm2_t12_35M_UR50D,480,17.519966,4.059792
CYTC|Trypanosoma_rangeli,CYTC,Trypanosoma_rangeli,esm2_t12_35M_UR50D,480,16.198181,3.274543
CYTC|Clonostachys_rosea_f._rosea_IK726,CYTC,Clonostachys_rosea_f._rosea_IK726,esm2_t12_35M_UR50D,480,18.88776,4.782094
CYTC|Copsychus_sechellarum,CYTC,Copsychus_sechellarum,esm2_t12_35M_UR50D,480,15.866408,0.56367785
CYTC|Phragmatobia_fuliginosa,CYTC,Phragmatobia_fuliginosa,esm2_t12_35M_UR50D,480,17.59937,2.6719368
CYTC|Trichoderma_harzianum,CYTC,Trichoderma_harzianum,esm2_t12_35M_UR50D,480,15.80776,3.2495666
CYTC|Tulasnella_sp._425,CYTC,Tulasnella_sp._425,esm2_t12_35M_UR50D,480,17.374971,3.6414216
CYTC|Endocarpon_pusillum,CYTC,Endocarpon_pusillum,esm2_t12_35M_UR50D,480,17.967207,4.7100005
CYTC|Paramormyrops_kingsleyae,CYTC,Paramormyrops_kingsleyae,esm2_t12_35M_UR50D,480,16.127092,0.7092036
CYTC|Dasypus_novemcinctus,CYTC,Dasypus_novemcinctus,esm2_t12_35M_UR50D,480,15.382891,0.67224103
CYTC|Laspeyria_flexula,CYTC,Laspeyria_flexula,esm2_t12_35M_UR50D,480,17.53601,2.5361288
CYTC|Brettanomyces_nanus,CYTC,Brettanomyces_nanus,esm2_t12_35M_UR50D,480,17.136864,1.903888
CYTC|Saitozyma_sp._JCM_24511,CYTC,Saitozyma_sp._JCM_24511,esm2_t12_35M_UR50D,480,15.015127,2.9206064
CYTC|Aureobasidium_sp._EXF-10728,CYTC,Aureobasidium_sp._EXF-10728,esm2_t12_35M_UR50D,480,16.559916,2.7690375
CYTC|Marasmius_fiardii_PR-910,CYTC,Marasmius_fiardii_PR-910,esm2_t12_35M_UR50D,480,17.517132,4.322276
CYTC|Mycena_filopes,CYTC,Mycena_filopes,esm2_t12_35M_UR50D,480,17.486937,3.898677
CYTC|Geoglossum_simile,CYTC,Geoglossum_simile,esm2_t12_35M_UR50D,480,15.159139,2.9426467
CYTC|Fusarium_sp._Ph1,CYTC,Fusarium_sp._Ph1,esm2_t12_35M_UR50D,480,18.811964,5.102442
CYTC|Athalia_rosae,CYTC,Athalia_rosae,esm2_t12_35M_UR50D,480,18.238081,2.4911017
CYTC|Seriola_dumerili,CYTC,Seriola_dumerili,esm2_t12_35M_UR50D,480,16.154345,0.7471682
CYTC|Cistogaster_globosa,CYTC,Cistogaster_globosa,esm2_t12_35M_UR50D,480,18.126232,2.5601292
CYTC|Sphaerosporella_brunnea,CYTC,Sphaerosporella_brunnea,esm2_t12_35M_UR50D,480,17.706661,4.4956026
CYTC|Colinus_virginianus,CYTC,Colinus_virginianus,esm2_t12_35M_UR50D,480,15.760171,0.5839905
CYTC|Drechmeria_coniospora,CYTC,Drechmeria_coniospora,esm2_t12_35M_UR50D,480,18.777353,4.7923393
CYTC|Aspergillus_burnettii,CYTC,Aspergillus_burnettii,esm2_t12_35M_UR50D,480,15.49835,3.0771604
CYTC|Sistotremastrum_suecicum_HHB10207_ss-3,CYTC,Sistotremastrum_suecicum_HHB10207_ss-3,esm2_t12_35M_UR50D,480,17.604237,4.181892
CYTC|Drosophila_ironensis,CYTC,Drosophila_ironensis,esm2_t12_35M_UR50D,480,18.166033,2.5505273
CYTC|Microchrysa_polita,CYTC,Microchrysa_polita,esm2_t12_35M_UR50D,480,18.208765,2.650955
CYTC|Aspergillus_coremiiformis,CYTC,Aspergillus_coremiiformis,esm2_t12_35M_UR50D,480,17.18196,3.7812436
CYTC|Phaedon_cochleariae,CYTC,Phaedon_cochleariae,esm2_t12_35M_UR50D,480,18.223675,2.5667908
CYTC|Funneliformis_caledonium,CYTC,Funneliformis_caledonium,esm2_t12_35M_UR50D,480,17.78104,3.2062302
CYTC|Perkinsus_chesapeaki,CYTC,Perkinsus_chesapeaki,esm2_t12_35M_UR50D,480,15.536603,3.0911877
CYTC|Hirschfeldia_incana,CYTC,Hirschfeldia_incana,esm2_t12_35M_UR50D,480,16.391348,3.46657
CYTC|Tetrabaena_socialis,CYTC,Tetrabaena_socialis,esm2_t12_35M_UR50D,480,16.555399,3.3587933
CYTC|Neurospora_crassa_OR74A,CYTC,Neurospora_crassa_OR74A,esm2_t12_35M_UR50D,480,18.05384,4.915994
CYTC|Fusarium_proliferatum_ET1,CYTC,Fusarium_proliferatum_ET1,esm2_t12_35M_UR50D,480,18.763865,5.3447227
CYTC|Linnemannia_hyalina,CYTC,Linnemannia_hyalina,esm2_t12_35M_UR50D,480,14.935001,2.866266
CYTC|Nothobranchius_kuhntae,CYTC,Nothobranchius_kuhntae,esm2_t12_35M_UR50D,480,16.031713,0.6908631
CYTC|Pogona_vitticeps,CYTC,Pogona_vitticeps,esm2_t12_35M_UR50D,480,15.955714,0.40495726
CYTC|Macadamia_integrifolia,CYTC,Macadamia_integrifolia,esm2_t12_35M_UR50D,480,16.104593,3.2940495
CYTC|Phytophthora_nicotianae_CJ01A1,CYTC,Phytophthora_nicotianae_CJ01A1,esm2_t12_35M_UR50D,480,15.863875,3.1424701
CYTC|Fusarium_anthophilum,CYTC,Fusarium_anthophilum,esm2_t12_35M_UR50D,480,18.741806,5.386623
CYTC|Daphnia_pulicaria,CYTC,Daphnia_pulicaria,esm2_t12_35M_UR50D,480,18.187017,2.627916
CYTC|Cyaniris_semiargus,CYTC,Cyaniris_semiargus,esm2_t12_35M_UR50D,480,17.543003,2.550407
CYTC|Cariama_cristata,CYTC,Cariama_cristata,esm2_t12_35M_UR50D,480,15.197963,2.8828454
CYTC|Drepanopeziza_brunnea_f._sp._'monogermtubi',CYTC,Drepanopeziza_brunnea_f._sp._'monogermtubi',esm2_t12_35M_UR50D,480,18.221966,4.9694552
CYTC|Suillus_placidus,CYTC,Suillus_placidus,esm2_t12_35M_UR50D,480,17.678843,3.5435743
CYTC|Calycina_marina,CYTC,Calycina_marina,esm2_t12_35M_UR50D,480,14.950354,2.9649482
CYTC|Amphipyra_tragopoginis,CYTC,Amphipyra_tragopoginis,esm2_t12_35M_UR50D,480,17.458462,2.4772391
CYTC|Dimorphilus_gyrociliatus,CYTC,Dimorphilus_gyrociliatus,esm2_t12_35M_UR50D,480,15.655948,0.5761485
CYTC|Homo_sapiens,CYTC,Homo_sapiens,esm2_t12_35M_UR50D,480,15.610812,0.4863506
