seq_id,family,species,model,embedding_dim
HSP70|Zosterops_borbonicus,HSP70,Zosterops_borbonicus,esm2_t30_150M_UR50D,640
HSP70|Meleagris_gallopavo,HSP70,Meleagris_gallopavo,esm2_t30_150M_UR50D,640
HSP70|Haliotis_rufescens,HSP70,Haliotis_rufescens,esm2_t30_150M_UR50D,640
HSP70|Eulemur_rufifrons,HSP70,Eulemur_rufifrons,esm2_t30_150M_UR50D,640
HSP70|Onchocerca_ochengi,HSP70,Onchocerca_ochengi,esm2_t30_150M_UR50D,640
HSP70|Callorhinus_ursinus,HSP70,Callorhinus_ursinus,esm2_t30_150M_UR50D,640
HSP70|Vicugna_pacos,HSP70,Vicugna_pacos,esm2_t30_150M_UR50D,640
HSP70|Mustela_putorius_furo,HSP70,Mustela_putorius_furo,esm2_t30_150M_UR50D,640
HSP70|Musotima_nitidalis,HSP70,Musotima_nitidalis,esm2_t30_150M_UR50D,640
HSP70|Pleurodeles_waltl,HSP70,Pleurodeles_waltl,esm2_t30_150M_UR50D,640
HSP70|Chelonus_insularis,HSP70,Chelonus_insularis,esm2_t30_150M_UR50D,640
HSP70|Pedinophyceae_sp._YPF-701,HSP70,Pedinophyceae_sp._YPF-701,esm2_t30_150M_UR50D,640
HSP70|Carlito_syrichta,HSP70,Carlito_syrichta,esm2_t30_150M_UR50D,640
HSP70|Scaeva_pyrastri,HSP70,Scaeva_pyrastri,esm2_t30_150M_UR50D,640
HSP70|Oncorhynchus_nerka,HSP70,Oncorhynchus_nerka,esm2_t30_150M_UR50D,640
HSP70|Hyles_vespertilio,HSP70,Hyles_vespertilio,esm2_t30_150M_UR50D,640
HSP70|Bactrocera_oleae,HSP70,Bactrocera_oleae,esm2_t30_150M_UR50D,640
HSP70|Homarus_americanus,HSP70,Homarus_americanus,esm2_t30_150M_UR50D,640
HSP70|Mya_arenaria,HSP70,Mya_arenaria,esm2_t30_150M_UR50D,640
HSP70|Oreochromis_niloticus,HSP70,Oreochromis_niloticus,esm2_t30_150M_UR50D,640
HSP70|Bombus_terrestris,HSP70,Bombus_terrestris,esm2_t30_150M_UR50D,640
HSP70|Zerene_cesonia,HSP70,Zerene_cesonia,esm2_t30_150M_UR50D,640
HSP70|Diachrysia_chrysitis,HSP70,Diachrysia_chrysitis,esm2_t30_150M_UR50D,640
HSP70|Anaspis_maculata,HSP70,Anaspis_maculata,esm2_t30_150M_UR50D,640
HSP70|Biomphalaria_glabrata,HSP70,Biomphalaria_glabrata,esm2_t30_150M_UR50D,640
HSP70|Dendrolimus_punctatus,HSP70,Dendrolimus_punctatus,esm2_t30_150M_UR50D,640
HSP70|Dermochelys_coriacea,HSP70,Dermochelys_coriacea,esm2_t30_150M_UR50D,640
HSP70|Mythimna_loreyi,HSP70,Mythimna_loreyi,esm2_t30_150M_UR50D,640
HSP70|Schistosoma_guineensis,HSP70,Schistosoma_guineensis,esm2_t30_150M_UR50D,640
HSP70|Venusia_cambrica,HSP70,Venusia_cambrica,esm2_t30_150M_UR50D,640
HSP70|Hydriomena_furcata,HSP70,Hydriomena_furcata,esm2_t30_150M_UR50D,640
HSP70|Vespula_pensylvanica,HSP70,Vespula_pensylvanica,esm2_t30_150M_UR50D,640
HSP70|Aethina_tumida,HSP70,Aethina_tumida,esm2_t30_150M_UR50D,640
HSP70|Lycaena_phlaeas,HSP70,Lycaena_phlaeas,esm2_t30_150M_UR50D,640
HSP70|Culex_pipiens_pallens,HSP70,Culex_pipiens_pallens,esm2_t30_150M_UR50D,640
HSP70|Xestia_sexstrigata,HSP70,Xestia_sexstrigata,esm2_t30_150M_UR50D,640
HSP70|Agriphila_tristella,HSP70,Agriphila_tristella,esm2_t30_150M_UR50D,640
HSP70|Giardia_intestinalis,HSP70,Giardia_intestinalis,esm2_t30_150M_UR50D,640
HSP70|Lobophora_halterata,HSP70,Lobophora_halterata,esm2_t30_150M_UR50D,640
HSP70|Trichinella_patagoniensis,HSP70,Trichinella_patagoniensis,esm2_t30_150M_UR50D,640
HSP70|Cervus_elaphus,HSP70,Cervus_elaphus,esm2_t30_150M_UR50D,640
HSP70|Epicampocera_succincta,HSP70,Epicampocera_succincta,esm2_t30_150M_UR50D,640
HSP70|Lamellibrachia_satsuma,HSP70,Lamellibrachia_satsuma,esm2_t30_150M_UR50D,640
HSP70|Sparganum_proliferum,HSP70,Sparganum_proliferum,esm2_t30_150M_UR50D,640
HSP70|Tapirus_indicus,HSP70,Tapirus_indicus,esm2_t30_150M_UR50D,640
HSP70|Drosophila_ficusphila,HSP70,Drosophila_ficusphila,esm2_t30_150M_UR50D,640
HSP70|Electrophaes_corylata,HSP70,Electrophaes_corylata,esm2_t30_150M_UR50D,640
HSP70|Leptopilina_boulardi,HSP70,Leptopilina_boulardi,esm2_t30_150M_UR50D,640
HSP70|Oryzias_latipes,HSP70,Oryzias_latipes,esm2_t30_150M_UR50D,640
HSP70|Verasper_variegatus,HSP70,Verasper_variegatus,esm2_t30_150M_UR50D,640
HSP70|Acanthopagrus_latus,HSP70,Acanthopagrus_latus,esm2_t30_150M_UR50D,640
HSP70|Dipus_sagitta,HSP70,Dipus_sagitta,esm2_t30_150M_UR50D,640
HSP70|Volucella_bombylans,HSP70,Volucella_bombylans,esm2_t30_150M_UR50D,640
HSP70|Podarcis_raffonei,HSP70,Podarcis_raffonei,esm2_t30_150M_UR50D,640
HSP70|Platypus_cylindrus,HSP70,Platypus_cylindrus,esm2_t30_150M_UR50D,640
HSP70|Allacma_fusca,HSP70,Allacma_fusca,esm2_t30_150M_UR50D,640
HSP70|Thumatha_senex,HSP70,Thumatha_senex,esm2_t30_150M_UR50D,640
HSP70|Spodoptera_frugiperda,HSP70,Spodoptera_frugiperda,esm2_t30_150M_UR50D,640
HSP70|Apocheima_hispidaria,HSP70,Apocheima_hispidaria,esm2_t30_150M_UR50D,640
HSP70|Aporia_crataegi,HSP70,Aporia_crataegi,esm2_t30_150M_UR50D,640
HSP70|Parambassis_ranga,HSP70,Parambassis_ranga,esm2_t30_150M_UR50D,640
HSP70|Cercocebus_atys,HSP70,Cercocebus_atys,esm2_t30_150M_UR50D,640
HSP70|Acromyrmex_charruanus,HSP70,Acromyrmex_charruanus,esm2_t30_150M_UR50D,640
HSP70|Vidua_chalybeata,HSP70,Vidua_chalybeata,esm2_t30_150M_UR50D,640
HSP70|Polyodon_spathula,HSP70,Polyodon_spathula,esm2_t30_150M_UR50D,640
HSP70|Portevinia_maculata,HSP70,Portevinia_maculata,esm2_t30_150M_UR50D,640
HSP70|Mugil_cephalus,HSP70,Mugil_cephalus,esm2_t30_150M_UR50D,640
HSP70|Eupeodes_luniger,HSP70,Eupeodes_luniger,esm2_t30_150M_UR50D,640
HSP70|Vanessa_tameamea,HSP70,Vanessa_tameamea,esm2_t30_150M_UR50D,640
HSP70|Paramuricea_clavata,HSP70,Paramuricea_clavata,esm2_t30_150M_UR50D,640
HSP70|Triparma_laevis_f._longispina,HSP70,Triparma_laevis_f._longispina,esm2_t30_150M_UR50D,640
HSP70|Caerostris_darwini,HSP70,Caerostris_darwini,esm2_t30_150M_UR50D,640
HSP70|Mauremys_mutica,HSP70,Mauremys_mutica,esm2_t30_150M_UR50D,640
HSP70|Nycticebus_bengalensis,HSP70,Nycticebus_bengalensis,esm2_t30_150M_UR50D,640
HSP70|Solenopsis_invicta,HSP70,Solenopsis_invicta,esm2_t30_150M_UR50D,640
HSP70|Sphenella_marginata,HSP70,Sphenella_marginata,esm2_t30_150M_UR50D,640
HSP70|Ctenocephalides_felis,HSP70,Ctenocephalides_felis,esm2_t30_150M_UR50D,640
HSP70|Manduca_sexta,HSP70,Manduca_sexta,esm2_t30_150M_UR50D,640
HSP70|Catocala_fraxini,HSP70,Catocala_fraxini,esm2_t30_150M_UR50D,640
HSP70|Pangasianodon_gigas,HSP70,Pangasianodon_gigas,esm2_t30_150M_UR50D,640
HSP70|Lacanobia_wlatinum,HSP70,Lacanobia_wlatinum,esm2_t30_150M_UR50D,640
HSP70|Pocillopora_damicornis,HSP70,Pocillopora_damicornis,esm2_t30_150M_UR50D,640
HSP70|Megalops_atlanticus,HSP70,Megalops_atlanticus,esm2_t30_150M_UR50D,640
HSP70|Hyposmocoma_kahamanoa,HSP70,Hyposmocoma_kahamanoa,esm2_t30_150M_UR50D,640
HSP70|Cervus_canadensis,HSP70,Cervus_canadensis,esm2_t30_150M_UR50D,640
HSP70|Paralichthys_olivaceus,HSP70,Paralichthys_olivaceus,esm2_t30_150M_UR50D,640
HSP70|Albula_glossodonta,HSP70,Albula_glossodonta,esm2_t30_150M_UR50D,640
HSP70|Pararge_aegeria_aegeria,HSP70,Pararge_aegeria_aegeria,esm2_t30_150M_UR50D,640
HSP70|Andrena_minutula,HSP70,Andrena_minutula,esm2_t30_150M_UR50D,640
HSP70|Scyliorhinus_torazame,HSP70,Scyliorhinus_torazame,esm2_t30_150M_UR50D,640
HSP70|Bison_bonasus,HSP70,Bison_bonasus,esm2_t30_150M_UR50D,640
HSP70|Diceros_bicornis_minor,HSP70,Diceros_bicornis_minor,esm2_t30_150M_UR50D,640
HSP70|Lepeophtheirus_salmonis,HSP70,Lepeophtheirus_salmonis,esm2_t30_150M_UR50D,640
HSP70|Neomonachus_schauinslandi,HSP70,Neomonachus_schauinslandi,esm2_t30_150M_UR50D,640
HSP70|Andrena_haemorrhoa,HSP70,Andrena_haemorrhoa,esm2_t30_150M_UR50D,640
HSP70|Diatraea_saccharalis,HSP70,Diatraea_saccharalis,esm2_t30_150M_UR50D,640
HSP70|Hippopotamus_amphibius_kiboko,HSP70,Hippopotamus_amphibius_kiboko,esm2_t30_150M_UR50D,640
HSP70|Porospora_cf._gigantea_B,HSP70,Porospora_cf._gigantea_B,esm2_t30_150M_UR50D,640
HSP70|Galeopterus_variegatus,HSP70,Galeopterus_variegatus,esm2_t30_150M_UR50D,640
HSP70|Rotaria_socialis,HSP70,Rotaria_socialis,esm2_t30_150M_UR50D,640
HSP70|Lytechinus_pictus,HSP70,Lytechinus_pictus,esm2_t30_150M_UR50D,640
HSP70|Nitzschia_inconspicua,HSP70,Nitzschia_inconspicua,esm2_t30_150M_UR50D,640
HSP70|Oegoconia_quadripuncta,HSP70,Oegoconia_quadripuncta,esm2_t30_150M_UR50D,640
HSP70|Urocitellus_parryii,HSP70,Urocitellus_parryii,esm2_t30_150M_UR50D,640
HSP70|Bombus_haemorrhoidalis,HSP70,Bombus_haemorrhoidalis,esm2_t30_150M_UR50D,640
HSP70|Tetheella_fluctuosa,HSP70,Tetheella_fluctuosa,esm2_t30_150M_UR50D,640
HSP70|Bos_gaurus,HSP70,Bos_gaurus,esm2_t30_150M_UR50D,640
HSP70|Agelastica_alni,HSP70,Agelastica_alni,esm2_t30_150M_UR50D,640
HSP70|Pseudorca_crassidens,HSP70,Pseudorca_crassidens,esm2_t30_150M_UR50D,640
HSP70|Rhagonycha_fulva,HSP70,Rhagonycha_fulva,esm2_t30_150M_UR50D,640
HSP70|Sphaerophoria_taeniata,HSP70,Sphaerophoria_taeniata,esm2_t30_150M_UR50D,640
HSP70|Coilia_nasus,HSP70,Coilia_nasus,esm2_t30_150M_UR50D,640
HSP70|Hypercompe_scribonia,HSP70,Hypercompe_scribonia,esm2_t30_150M_UR50D,640
HSP70|Acromyrmex_heyeri,HSP70,Acromyrmex_heyeri,esm2_t30_150M_UR50D,640
HSP70|Polistes_fuscatus,HSP70,Polistes_fuscatus,esm2_t30_150M_UR50D,640
HSP70|Acanthosoma_haemorrhoidale,HSP70,Acanthosoma_haemorrhoidale,esm2_t30_150M_UR50D,640
HSP70|Taeniopygia_guttata,HSP70,Taeniopygia_guttata,esm2_t30_150M_UR50D,640
HSP70|Glyphotaelius_pellucidus,HSP70,Glyphotaelius_pellucidus,esm2_t30_150M_UR50D,640
HSP70|Toxotes_jaculatrix,HSP70,Toxotes_jaculatrix,esm2_t30_150M_UR50D,640
HSP70|Thalpophila_matura,HSP70,Thalpophila_matura,esm2_t30_150M_UR50D,640
HSP70|Drosophila_navojoa,HSP70,Drosophila_navojoa,esm2_t30_150M_UR50D,640
HSP70|Schistosoma_mattheei,HSP70,Schistosoma_mattheei,esm2_t30_150M_UR50D,640
HSP70|Eudonia_lacustrata,HSP70,Eudonia_lacustrata,esm2_t30_150M_UR50D,640
HSP70|Apotomis_capreana,HSP70,Apotomis_capreana,esm2_t30_150M_UR50D,640
HSP70|Pholis_gunnellus,HSP70,Pholis_gunnellus,esm2_t30_150M_UR50D,640
HSP70|Ostrinia_furnacalis,HSP70,Ostrinia_furnacalis,esm2_t30_150M_UR50D,640
HSP70|Strongylus_vulgaris,HSP70,Strongylus_vulgaris,esm2_t30_150M_UR50D,640
HSP70|Vespa_mandarinia,HSP70,Vespa_mandarinia,esm2_t30_150M_UR50D,640
HSP70|Chanos_chanos,HSP70,Chanos_chanos,esm2_t30_150M_UR50D,640
HSP70|Pseudoliparis_sp._Yap_Trench,HSP70,Pseudoliparis_sp._Yap_Trench,esm2_t30_150M_UR50D,640
HSP70|Xenia_sp._Carnegie-2017,HSP70,Xenia_sp._Carnegie-2017,esm2_t30_150M_UR50D,640
HSP70|Tupaia_chinensis,HSP70,Tupaia_chinensis,esm2_t30_150M_UR50D,640
HSP70|Triparma_verrucosa,HSP70,Triparma_verrucosa,esm2_t30_150M_UR50D,640
HSP70|Aphidius_gifuensis,HSP70,Aphidius_gifuensis,esm2_t30_150M_UR50D,640
HSP70|Cottoperca_gobio,HSP70,Cottoperca_gobio,esm2_t30_150M_UR50D,640
HSP70|Ancylostoma_caninum,HSP70,Ancylostoma_caninum,esm2_t30_150M_UR50D,640
HSP70|Stegodyphus_mimosarum,HSP70,Stegodyphus_mimosarum,esm2_t30_150M_UR50D,640
HSP70|Trachinotus_ovatus,HSP70,Trachinotus_ovatus,esm2_t30_150M_UR50D,640
HSP70|Pimephales_promelas,HSP70,Pimephales_promelas,esm2_t30_150M_UR50D,640
HSP70|Neophocaena_asiaeorientalis_asiaeorientalis,HSP70,Neophocaena_asiaeorientalis_asiaeorientalis,esm2_t30_150M_UR50D,640
HSP70|Lampris_incognitus,HSP70,Lampris_incognitus,esm2_t30_150M_UR50D,640
HSP70|Sphaeramia_orbicularis,HSP70,Sphaeramia_orbicularis,esm2_t30_150M_UR50D,640
HSP70|Phytophthora_rubi,HSP70,Phytophthora_rubi,esm2_t30_150M_UR50D,640
HSP70|Puma_concolor,HSP70,Puma_concolor,esm2_t30_150M_UR50D,640
HSP70|Heterobilharzia_americana,HSP70,Heterobilharzia_americana,esm2_t30_150M_UR50D,640
HSP70|Daphnia_pulicaria,HSP70,Daphnia_pulicaria,esm2_t30_150M_UR50D,640
HSP70|Ennomos_quercinarius,HSP70,Ennomos_quercinarius,esm2_t30_150M_UR50D,640
HSP70|Phragmatobia_fuliginosa,HSP70,Phragmatobia_fuliginosa,esm2_t30_150M_UR50D,640
HSP70|Onychomys_torridus,HSP70,Onychomys_torridus,esm2_t30_150M_UR50D,640
HSP70|Thymelicus_acteon,HSP70,Thymelicus_acteon,esm2_t30_150M_UR50D,640
HSP70|Cheilosia_variabilis,HSP70,Cheilosia_variabilis,esm2_t30_150M_UR50D,640
HSP70|Gerris_lacustris,HSP70,Gerris_lacustris,esm2_t30_150M_UR50D,640
HSP70|Ypsolopha_scabrella,HSP70,Ypsolopha_scabrella,esm2_t30_150M_UR50D,640
HSP70|Thymelicus_sylvestris,HSP70,Thymelicus_sylvestris,esm2_t30_150M_UR50D,640
HSP70|Trichinella_sp._T6,HSP70,Trichinella_sp._T6,esm2_t30_150M_UR50D,640
HSP70|Oncorhynchus_tshawytscha,HSP70,Oncorhynchus_tshawytscha,esm2_t30_150M_UR50D,640
HSP70|Mustela_lutreola,HSP70,Mustela_lutreola,esm2_t30_150M_UR50D,640
HSP70|Bombus_soroeensis,HSP70,Bombus_soroeensis,esm2_t30_150M_UR50D,640
HSP70|Phytophthora_ramorum,HSP70,Phytophthora_ramorum,esm2_t30_150M_UR50D,640
HSP70|Poecilia_reticulata,HSP70,Poecilia_reticulata,esm2_t30_150M_UR50D,640
HSP70|Eulithis_prunata,HSP70,Eulithis_prunata,esm2_t30_150M_UR50D,640
HSP70|Aedes_aegypti,HSP70,Aedes_aegypti,esm2_t30_150M_UR50D,640
HSP70|Albula_goreensis,HSP70,Albula_goreensis,esm2_t30_150M_UR50D,640
HSP70|Numida_meleagris,HSP70,Numida_meleagris,esm2_t30_150M_UR50D,640
HSP70|Elephas_maximus,HSP70,Elephas_maximus,esm2_t30_150M_UR50D,640
HSP70|Melinaea_marsaeus_rileyi,HSP70,Melinaea_marsaeus_rileyi,esm2_t30_150M_UR50D,640
HSP70|Odocoileus_hemionus_hemionus,HSP70,Odocoileus_hemionus_hemionus,esm2_t30_150M_UR50D,640
HSP70|Melanchra_persicariae,HSP70,Melanchra_persicariae,esm2_t30_150M_UR50D,640
HSP70|Myiozetetes_cayanensis,HSP70,Myiozetetes_cayanensis,esm2_t30_150M_UR50D,640
HSP70|Steinernema_hermaphroditum,HSP70,Steinernema_hermaphroditum,esm2_t30_150M_UR50D,640
HSP70|Musca_domestica,HSP70,Musca_domestica,esm2_t30_150M_UR50D,640
HSP70|Dolichovespula_saxonica,HSP70,Dolichovespula_saxonica,esm2_t30_150M_UR50D,640
HSP70|Conger_conger,HSP70,Conger_conger,esm2_t30_150M_UR50D,640
HSP70|Trichoplax_sp._H2,HSP70,Trichoplax_sp._H2,esm2_t30_150M_UR50D,640
HSP70|Anopheles_coustani,HSP70,Anopheles_coustani,esm2_t30_150M_UR50D,640
HSP70|Galemys_pyrenaicus,HSP70,Galemys_pyrenaicus,esm2_t30_150M_UR50D,640
HSP70|Thymallus_thymallus,HSP70,Thymallus_thymallus,esm2_t30_150M_UR50D,640
HSP70|Baccha_elongata,HSP70,Baccha_elongata,esm2_t30_150M_UR50D,640
HSP70|Ectropis_grisescens,HSP70,Ectropis_grisescens,esm2_t30_150M_UR50D,640
HSP70|Gulo_gulo_luscus,HSP70,Gulo_gulo_luscus,esm2_t30_150M_UR50D,640
HSP70|Schistosoma_haematobium,HSP70,Schistosoma_haematobium,esm2_t30_150M_UR50D,640
HSP70|Achroia_grisella,HSP70,Achroia_grisella,esm2_t30_150M_UR50D,640
HSP70|Sarcophilus_harrisii,HSP70,Sarcophilus_harrisii,esm2_t30_150M_UR50D,640
HSP70|Nomada_fucata,HSP70,Nomada_fucata,esm2_t30_150M_UR50D,640
HSP70|Triparma_laevis_f._inornata,HSP70,Triparma_laevis_f._inornata,esm2_t30_150M_UR50D,640
HSP70|Cephus_cinctus,HSP70,Cephus_cinctus,esm2_t30_150M_UR50D,640
HSP70|Guillardia_theta_CCMP2712,HSP70,Guillardia_theta_CCMP2712,esm2_t30_150M_UR50D,640
HSP70|Blastocystis_sp._subtype_4,HSP70,Blastocystis_sp._subtype_4,esm2_t30_150M_UR50D,640
HSP70|Batillaria_attramentaria,HSP70,Batillaria_attramentaria,esm2_t30_150M_UR50D,640
HSP70|Schistosoma_margrebowiei,HSP70,Schistosoma_margrebowiei,esm2_t30_150M_UR50D,640
HSP70|Iphiclides_podalirius,HSP70,Iphiclides_podalirius,esm2_t30_150M_UR50D,640
HSP70|Camelus_bactrianus,HSP70,Camelus_bactrianus,esm2_t30_150M_UR50D,640
HSP70|Rhabdomys_pumilio,HSP70,Rhabdomys_pumilio,esm2_t30_150M_UR50D,640
HSP70|Phytophthora_capsici,HSP70,Phytophthora_capsici,esm2_t30_150M_UR50D,640
HSP70|Apamea_sordens,HSP70,Apamea_sordens,esm2_t30_150M_UR50D,640
HSP70|Triparma_strigata,HSP70,Triparma_strigata,esm2_t30_150M_UR50D,640
HSP70|Carpatolechia_fugitivella,HSP70,Carpatolechia_fugitivella,esm2_t30_150M_UR50D,640
HSP70|Antechinus_flavipes,HSP70,Antechinus_flavipes,esm2_t30_150M_UR50D,640
HSP70|Alcis_repandata,HSP70,Alcis_repandata,esm2_t30_150M_UR50D,640
HSP70|Apeira_syringaria,HSP70,Apeira_syringaria,esm2_t30_150M_UR50D,640
RPS3|Oryza_sativa_aromatic_subgroup,RPS3,Oryza_sativa_aromatic_subgroup,esm2_t30_150M_UR50D,640
RPS3|Phascolomyces_articulosus,RPS3,Phascolomyces_articulosus,esm2_t30_150M_UR50D,640
RPS3|Daedalea_quercina_L-15889,RPS3,Daedalea_quercina_L-15889,esm2_t30_150M_UR50D,640
RPS3|Eupithecia_dodoneata,RPS3,Eupithecia_dodoneata,esm2_t30_150M_UR50D,640
RPS3|Coemansia_sp._RSA_522,RPS3,Coemansia_sp._RSA_522,esm2_t30_150M_UR50D,640
RPS3|Vulpes_vulpes,RPS3,Vulpes_vulpes,esm2_t30_150M_UR50D,640
RPS3|Anseranas_semipalmata,RPS3,Anseranas_semipalmata,esm2_t30_150M_UR50D,640
RPS3|Pteronotus_parnellii_mesoamericanus,RPS3,Pteronotus_parnellii_mesoamericanus,esm2_t30_150M_UR50D,640
RPS3|Russula_ochroleuca,RPS3,Russula_ochroleuca,esm2_t30_150M_UR50D,640
RPS3|Nyctereutes_procyonoides,RPS3,Nyctereutes_procyonoides,esm2_t30_150M_UR50D,640
RPS3|Trametes_sanguinea,RPS3,Trametes_sanguinea,esm2_t30_150M_UR50D,640
RPS3|Galerina_marginata_CBS_339.88,RPS3,Galerina_marginata_CBS_339.88,esm2_t30_150M_UR50D,640
RPS3|Aspergillus_minisclerotigenes,RPS3,Aspergillus_minisclerotigenes,esm2_t30_150M_UR50D,640
RPS3|Hypoxylon_sp._CI-4A,RPS3,Hypoxylon_sp._CI-4A,esm2_t30_150M_UR50D,640
RPS3|Cryptosporidium_ubiquitum,RPS3,Cryptosporidium_ubiquitum,esm2_t30_150M_UR50D,640
RPS3|Xanthoria_sp._2_TBL-2021,RPS3,Xanthoria_sp._2_TBL-2021,esm2_t30_150M_UR50D,640
RPS3|Leishmania_enriettii,RPS3,Leishmania_enriettii,esm2_t30_150M_UR50D,640
RPS3|Nothobranchius_furzeri,RPS3,Nothobranchius_furzeri,esm2_t30_150M_UR50D,640
RPS3|Boletus_edulis_BED1,RPS3,Boletus_edulis_BED1,esm2_t30_150M_UR50D,640
RPS3|Heliconius_sara,RPS3,Heliconius_sara,esm2_t30_150M_UR50D,640
RPS3|Fusarium_gaditjirri,RPS3,Fusarium_gaditjirri,esm2_t30_150M_UR50D,640
RPS3|Saccharomyces_uvarum,RPS3,Saccharomyces_uvarum,esm2_t30_150M_UR50D,640
RPS3|Ustilago_tritici,RPS3,Ustilago_tritici,esm2_t30_150M_UR50D,640
RPS3|Peronosclerospora_sorghi,RPS3,Peronosclerospora_sorghi,esm2_t30_150M_UR50D,640
RPS3|Mucor_lusitanicus_CBS_277.49,RPS3,Mucor_lusitanicus_CBS_277.49,esm2_t30_150M_UR50D,640
RPS3|Emmonsia_crescens_UAMH_3008,RPS3,Emmonsia_crescens_UAMH_3008,esm2_t30_150M_UR50D,640
RPS3|Metarhizium_anisopliae_BRIP_53293,RPS3,Metarhizium_anisopliae_BRIP_53293,esm2_t30_150M_UR50D,640
RPS3|Sagittarius_serpentarius,RPS3,Sagittarius_serpentarius,esm2_t30_150M_UR50D,640
RPS3|Rhabdomys_pumilio,RPS3,Rhabdomys_pumilio,esm2_t30_150M_UR50D,640
RPS3|Papilio_xuthus,RPS3,Papilio_xuthus,esm2_t30_150M_UR50D,640
RPS3|Plasmodium_vinckei_lentum,RPS3,Plasmodium_vinckei_lentum,esm2_t30_150M_UR50D,640
RPS3|Aspergillus_steynii_IBT_23096,RPS3,Aspergillus_steynii_IBT_23096,esm2_t30_150M_UR50D,640
RPS3|Eugnorisma_glareosa,RPS3,Eugnorisma_glareosa,esm2_t30_150M_UR50D,640
RPS3|Lipomyces_tetrasporus,RPS3,Lipomyces_tetrasporus,esm2_t30_150M_UR50D,640
RPS3|Clathrospora_elynae,RPS3,Clathrospora_elynae,esm2_t30_150M_UR50D,640
RPS3|Cladochytrium_tenue,RPS3,Cladochytrium_tenue,esm2_t30_150M_UR50D,640
RPS3|Tulasnella_sp._408,RPS3,Tulasnella_sp._408,esm2_t30_150M_UR50D,640
RPS3|Loxia_curvirostra,RPS3,Loxia_curvirostra,esm2_t30_150M_UR50D,640
RPS3|Cutaneotrichosporon_oleaginosum,RPS3,Cutaneotrichosporon_oleaginosum,esm2_t30_150M_UR50D,640
RPS3|Harpagifer_antarcticus,RPS3,Harpagifer_antarcticus,esm2_t30_150M_UR50D,640
RPS3|Nothocercus_nigrocapillus,RPS3,Nothocercus_nigrocapillus,esm2_t30_150M_UR50D,640
RPS3|Pseudocercospora_fuligena,RPS3,Pseudocercospora_fuligena,esm2_t30_150M_UR50D,640
RPS3|Mortierella_sp._GBA43,RPS3,Mortierella_sp._GBA43,esm2_t30_150M_UR50D,640
RPS3|Penicillium_ucsense,RPS3,Penicillium_ucsense,esm2_t30_150M_UR50D,640
RPS3|Enhydra_lutris_kenyoni,RPS3,Enhydra_lutris_kenyoni,esm2_t30_150M_UR50D,640
RPS3|Drechmeria_coniospora,RPS3,Drechmeria_coniospora,esm2_t30_150M_UR50D,640
RPS3|Capricornis_sumatraensis,RPS3,Capricornis_sumatraensis,esm2_t30_150M_UR50D,640
RPS3|Candelina_submexicana,RPS3,Candelina_submexicana,esm2_t30_150M_UR50D,640
RPS3|Golovinomyces_cichoracearum,RPS3,Golovinomyces_cichoracearum,esm2_t30_150M_UR50D,640
RPS3|Suillus_decipiens,RPS3,Suillus_decipiens,esm2_t30_150M_UR50D,640
RPS3|Juncus_effusus,RPS3,Juncus_effusus,esm2_t30_150M_UR50D,640
RPS3|Rhizopus_delemar_RA_99-880,RPS3,Rhizopus_delemar_RA_99-880,esm2_t30_150M_UR50D,640
RPS3|Fragilaria_crotonensis,RPS3,Fragilaria_crotonensis,esm2_t30_150M_UR50D,640
RPS3|Neolecta_irregularis_DAH-3,RPS3,Neolecta_irregularis_DAH-3,esm2_t30_150M_UR50D,640
RPS3|Closterium_sp._Yama58-4,RPS3,Closterium_sp._Yama58-4,esm2_t30_150M_UR50D,640
RPS3|Cryptotermes_secundus,RPS3,Cryptotermes_secundus,esm2_t30_150M_UR50D,640
RPS3|Tridacna_gigas,RPS3,Tridacna_gigas,esm2_t30_150M_UR50D,640
RPS3|Naematelia_encephala,RPS3,Naematelia_encephala,esm2_t30_150M_UR50D,640
RPS3|Pyrgus_malvae,RPS3,Pyrgus_malvae,esm2_t30_150M_UR50D,640
RPS3|Xiphophorus_maculatus,RPS3,Xiphophorus_maculatus,esm2_t30_150M_UR50D,640
RPS3|Rhodocollybia_butyracea,RPS3,Rhodocollybia_butyracea,esm2_t30_150M_UR50D,640
RPS3|Carassius_gibelio,RPS3,Carassius_gibelio,esm2_t30_150M_UR50D,640
RPS3|Fusarium_sp._NRRL_25303,RPS3,Fusarium_sp._NRRL_25303,esm2_t30_150M_UR50D,640
RPS3|Megaderma_spasma,RPS3,Megaderma_spasma,esm2_t30_150M_UR50D,640
RPS3|Aplosporella_prunicola_CBS_121167,RPS3,Aplosporella_prunicola_CBS_121167,esm2_t30_150M_UR50D,640
RPS3|Colletotrichum_sojae,RPS3,Colletotrichum_sojae,esm2_t30_150M_UR50D,640
RPS3|Tauraco_erythrolophus,RPS3,Tauraco_erythrolophus,esm2_t30_150M_UR50D,640
RPS3|Candida_albicans_P60002,RPS3,Candida_albicans_P60002,esm2_t30_150M_UR50D,640
RPS3|Colletotrichum_filicis,RPS3,Colletotrichum_filicis,esm2_t30_150M_UR50D,640
RPS3|Cercospora_beticola,RPS3,Cercospora_beticola,esm2_t30_150M_UR50D,640
RPS3|Schistosoma_japonicum,RPS3,Schistosoma_japonicum,esm2_t30_150M_UR50D,640
RPS3|Nycticryphes_semicollaris,RPS3,Nycticryphes_semicollaris,esm2_t30_150M_UR50D,640
RPS3|Coemansia_sp._S680,RPS3,Coemansia_sp._S680,esm2_t30_150M_UR50D,640
RPS3|Frieseomelitta_varia,RPS3,Frieseomelitta_varia,esm2_t30_150M_UR50D,640
RPS3|Closterium_sp._NIES-68,RPS3,Closterium_sp._NIES-68,esm2_t30_150M_UR50D,640
RPS3|Salix_dunnii,RPS3,Salix_dunnii,esm2_t30_150M_UR50D,640
RPS3|Lophocebus_aterrimus,RPS3,Lophocebus_aterrimus,esm2_t30_150M_UR50D,640
RPS3|Strongylocentrotus_purpuratus,RPS3,Strongylocentrotus_purpuratus,esm2_t30_150M_UR50D,640
RPS3|Scophthalmus_maximus,RPS3,Scophthalmus_maximus,esm2_t30_150M_UR50D,640
RPS3|Sarcophaga_subvicina,RPS3,Sarcophaga_subvicina,esm2_t30_150M_UR50D,640
RPS3|Blastosporella_zonata,RPS3,Blastosporella_zonata,esm2_t30_150M_UR50D,640
RPS3|Russula_compacta,RPS3,Russula_compacta,esm2_t30_150M_UR50D,640
RPS3|Gopherus_evgoodei,RPS3,Gopherus_evgoodei,esm2_t30_150M_UR50D,640
RPS3|Saccharomyces_cerevisiae_YJM1402,RPS3,Saccharomyces_cerevisiae_YJM1402,esm2_t30_150M_UR50D,640
RPS3|Saccharomyces_cerevisiae_YJM1592,RPS3,Saccharomyces_cerevisiae_YJM1592,esm2_t30_150M_UR50D,640
RPS3|Aporophyla_nigra,RPS3,Aporophyla_nigra,esm2_t30_150M_UR50D,640
RPS3|Dicrurus_megarhynchus,RPS3,Dicrurus_megarhynchus,esm2_t30_150M_UR50D,640
RPS3|Parastagonospora_nodorum_SN15,RPS3,Parastagonospora_nodorum_SN15,esm2_t30_150M_UR50D,640
RPS3|Elaphurus_davidianus,RPS3,Elaphurus_davidianus,esm2_t30_150M_UR50D,640
RPS3|Trichomonas_vaginalis_G3,RPS3,Trichomonas_vaginalis_G3,esm2_t30_150M_UR50D,640
RPS3|Sordaria_macrospora,RPS3,Sordaria_macrospora,esm2_t30_150M_UR50D,640
RPS3|Eupsilia_transversa,RPS3,Eupsilia_transversa,esm2_t30_150M_UR50D,640
RPS3|Agrochola_circellaris,RPS3,Agrochola_circellaris,esm2_t30_150M_UR50D,640
RPS3|Equus_caballus,RPS3,Equus_caballus,esm2_t30_150M_UR50D,640
RPS3|Cryptococcus_deuterogattii_CBS_10090,RPS3,Cryptococcus_deuterogattii_CBS_10090,esm2_t30_150M_UR50D,640
RPS3|Cladophialophora_yegresii_CBS_114405,RPS3,Cladophialophora_yegresii_CBS_114405,esm2_t30_150M_UR50D,640
RPS3|Manihot_esculenta,RPS3,Manihot_esculenta,esm2_t30_150M_UR50D,640
RPS3|Penicillium_sp._IBT_18751x,RPS3,Penicillium_sp._IBT_18751x,esm2_t30_150M_UR50D,640
RPS3|Phytophthora_nicotianae_P10297,RPS3,Phytophthora_nicotianae_P10297,esm2_t30_150M_UR50D,640
RPS3|Botrytis_deweyae,RPS3,Botrytis_deweyae,esm2_t30_150M_UR50D,640
RPS3|Camellia_lanceoleosa,RPS3,Camellia_lanceoleosa,esm2_t30_150M_UR50D,640
RPS3|Aspergillus_pseudocaelatus,RPS3,Aspergillus_pseudocaelatus,esm2_t30_150M_UR50D,640
RPS3|Seirophora_villosa,RPS3,Seirophora_villosa,esm2_t30_150M_UR50D,640
RPS3|Pavlovales_sp._CCMP2436,RPS3,Pavlovales_sp._CCMP2436,esm2_t30_150M_UR50D,640
RPS3|Aspergillus_japonicus_CBS_114.51,RPS3,Aspergillus_japonicus_CBS_114.51,esm2_t30_150M_UR50D,640
RPS3|Trichoderma_reesei_QM6a,RPS3,Trichoderma_reesei_QM6a,esm2_t30_150M_UR50D,640
RPS3|Phaeosphaeriaceae_sp._PMI808,RPS3,Phaeosphaeriaceae_sp._PMI808,esm2_t30_150M_UR50D,640
RPS3|Aspergillus_wentii,RPS3,Aspergillus_wentii,esm2_t30_150M_UR50D,640
RPS3|Hypomontagnella_monticulosa,RPS3,Hypomontagnella_monticulosa,esm2_t30_150M_UR50D,640
RPS3|Orycteropus_afer_afer,RPS3,Orycteropus_afer_afer,esm2_t30_150M_UR50D,640
RPS3|Desarmillaria_ectypa,RPS3,Desarmillaria_ectypa,esm2_t30_150M_UR50D,640
RPS3|Colletotrichum_liriopes,RPS3,Colletotrichum_liriopes,esm2_t30_150M_UR50D,640
RPS3|Cryptococcus_amylolentus_CBS_6039,RPS3,Cryptococcus_amylolentus_CBS_6039,esm2_t30_150M_UR50D,640
RPS3|Tritrichomonas_foetus,RPS3,Tritrichomonas_foetus,esm2_t30_150M_UR50D,640
RPS3|Herminia_tarsipennalis,RPS3,Herminia_tarsipennalis,esm2_t30_150M_UR50D,640
RPS3|Macaria_notata,RPS3,Macaria_notata,esm2_t30_150M_UR50D,640
RPS3|Wickerhamomyces_ciferrii,RPS3,Wickerhamomyces_ciferrii,esm2_t30_150M_UR50D,640
RPS3|Saccharomyces_cerevisiae_YJM1385,RPS3,Saccharomyces_cerevisiae_YJM1385,esm2_t30_150M_UR50D,640
RPS3|Volucella_inflata,RPS3,Volucella_inflata,esm2_t30_150M_UR50D,640
RPS3|Varicellaria_rhodocarpa,RPS3,Varicellaria_rhodocarpa,esm2_t30_150M_UR50D,640
RPS3|Fomes_fomentarius,RPS3,Fomes_fomentarius,esm2_t30_150M_UR50D,640
RPS3|Postia_placenta_Mad-698-R,RPS3,Postia_placenta_Mad-698-R,esm2_t30_150M_UR50D,640
RPS3|Diospyros_lotus,RPS3,Diospyros_lotus,esm2_t30_150M_UR50D,640
RPS3|Carpediemonas_membranifera,RPS3,Carpediemonas_membranifera,esm2_t30_150M_UR50D,640
RPS3|Heterotrigona_itama,RPS3,Heterotrigona_itama,esm2_t30_150M_UR50D,640
RPS3|Morchella_sextelata,RPS3,Morchella_sextelata,esm2_t30_150M_UR50D,640
RPS3|Clonostachys_solani,RPS3,Clonostachys_solani,esm2_t30_150M_UR50D,640
RPS3|Onychorhynchus_coronatus,RPS3,Onychorhynchus_coronatus,esm2_t30_150M_UR50D,640
RPS3|Peromyscus_leucopus,RPS3,Peromyscus_leucopus,esm2_t30_150M_UR50D,640
RPS3|Prunus_persica,RPS3,Prunus_persica,esm2_t30_150M_UR50D,640
RPS3|Tulasnella_sp._417,RPS3,Tulasnella_sp._417,esm2_t30_150M_UR50D,640
RPS3|Schizosaccharomyces_pombe,RPS3,Schizosaccharomyces_pombe,esm2_t30_150M_UR50D,640
RPS3|Kappamyces_sp._JEL0680,RPS3,Kappamyces_sp._JEL0680,esm2_t30_150M_UR50D,640
RPS3|Toxoplasma_gondii_VEG,RPS3,Toxoplasma_gondii_VEG,esm2_t30_150M_UR50D,640
RPS3|Plasmodium_sp._DRC-Itaito,RPS3,Plasmodium_sp._DRC-Itaito,esm2_t30_150M_UR50D,640
RPS3|Bos_indicus,RPS3,Bos_indicus,esm2_t30_150M_UR50D,640
RPS3|Tyto_alba,RPS3,Tyto_alba,esm2_t30_150M_UR50D,640
RPS3|Gonocerus_acuteangulatus,RPS3,Gonocerus_acuteangulatus,esm2_t30_150M_UR50D,640
RPS3|Malassezia_brasiliensis,RPS3,Malassezia_brasiliensis,esm2_t30_150M_UR50D,640
RPS3|Tremellales_sp._Tagirdzhanova-0007,RPS3,Tremellales_sp._Tagirdzhanova-0007,esm2_t30_150M_UR50D,640
RPS3|Pleurotus_ostreatoroseus,RPS3,Pleurotus_ostreatoroseus,esm2_t30_150M_UR50D,640
RPS3|Morchella_importuna,RPS3,Morchella_importuna,esm2_t30_150M_UR50D,640
RPS3|Petromyzon_marinus,RPS3,Petromyzon_marinus,esm2_t30_150M_UR50D,640
RPS3|Aspergillus_aculeatus_ATCC_16872,RPS3,Aspergillus_aculeatus_ATCC_16872,esm2_t30_150M_UR50D,640
RPS3|Saccharomyces_cerevisiae_R103,RPS3,Saccharomyces_cerevisiae_R103,esm2_t30_150M_UR50D,640
RPS3|Coemansia_sp._RSA_1938,RPS3,Coemansia_sp._RSA_1938,esm2_t30_150M_UR50D,640
RPS3|Penicillium_digitatum_PHI26,RPS3,Penicillium_digitatum_PHI26,esm2_t30_150M_UR50D,640
RPS3|Neopelma_chrysocephalum,RPS3,Neopelma_chrysocephalum,esm2_t30_150M_UR50D,640
RPS3|Oceanites_oceanicus,RPS3,Oceanites_oceanicus,esm2_t30_150M_UR50D,640
RPS3|Eurypyga_helias,RPS3,Eurypyga_helias,esm2_t30_150M_UR50D,640
RPS3|Hoolock_leuconedys,RPS3,Hoolock_leuconedys,esm2_t30_150M_UR50D,640
RPS3|Cucumispora_dikerogammari,RPS3,Cucumispora_dikerogammari,esm2_t30_150M_UR50D,640
RPS3|Fusarium_coicis,RPS3,Fusarium_coicis,esm2_t30_150M_UR50D,640
RPS3|Penicillium_angulare,RPS3,Penicillium_angulare,esm2_t30_150M_UR50D,640
RPS3|Lachnellula_suecica,RPS3,Lachnellula_suecica,esm2_t30_150M_UR50D,640
RPS3|Aromia_moschata,RPS3,Aromia_moschata,esm2_t30_150M_UR50D,640
RPS3|Rhizophagus_sp._MUCL_43196,RPS3,Rhizophagus_sp._MUCL_43196,esm2_t30_150M_UR50D,640
RPS3|Trichophyton_rubrum_MR850,RPS3,Trichophyton_rubrum_MR850,esm2_t30_150M_UR50D,640
RPS3|Rana_temporaria,RPS3,Rana_temporaria,esm2_t30_150M_UR50D,640
RPS3|Trichophyton_soudanense_CBS_452.61,RPS3,Trichophyton_soudanense_CBS_452.61,esm2_t30_150M_UR50D,640
RPS3|Chaetothyriales_sp._CBS_135597,RPS3,Chaetothyriales_sp._CBS_135597,esm2_t30_150M_UR50D,640
RPS3|Hypsizygus_marmoreus,RPS3,Hypsizygus_marmoreus,esm2_t30_150M_UR50D,640
RPS3|Peucedramus_taeniatus,RPS3,Peucedramus_taeniatus,esm2_t30_150M_UR50D,640
RPS3|Pandemis_cinnamomeana,RPS3,Pandemis_cinnamomeana,esm2_t30_150M_UR50D,640
RPS3|Pyricularia_oryzae_70-15,RPS3,Pyricularia_oryzae_70-15,esm2_t30_150M_UR50D,640
RPS3|Branchiostoma_belcheri,RPS3,Branchiostoma_belcheri,esm2_t30_150M_UR50D,640
RPS3|Xenopus_tropicalis,RPS3,Xenopus_tropicalis,esm2_t30_150M_UR50D,640
RPS3|Biscogniauxia_marginata,RPS3,Biscogniauxia_marginata,esm2_t30_150M_UR50D,640
RPS3|Trichinella_sp._T6,RPS3,Trichinella_sp._T6,esm2_t30_150M_UR50D,640
RPS3|Zymoseptoria_tritici_ST99CH_1E4,RPS3,Zymoseptoria_tritici_ST99CH_1E4,esm2_t30_150M_UR50D,640
RPS3|Culex_pipiens_pallens,RPS3,Culex_pipiens_pallens,esm2_t30_150M_UR50D,640
RPS3|Odocoileus_virginianus_texanus,RPS3,Odocoileus_virginianus_texanus,esm2_t30_150M_UR50D,640
RPS3|Eudyptes_chrysolophus,RPS3,Eudyptes_chrysolophus,esm2_t30_150M_UR50D,640
RPS3|Xylaria_venustula,RPS3,Xylaria_venustula,esm2_t30_150M_UR50D,640
RPS3|Komagataella_phaffii_GS115,RPS3,Komagataella_phaffii_GS115,esm2_t30_150M_UR50D,640
RPS3|Ammospiza_caudacuta,RPS3,Ammospiza_caudacuta,esm2_t30_150M_UR50D,640
RPS3|Sterrhoptilus_dennistouni,RPS3,Sterrhoptilus_dennistouni,esm2_t30_150M_UR50D,640
RPS3|Nematocida_minor,RPS3,Nematocida_minor,esm2_t30_150M_UR50D,640
RPS3|Coemansia_sp._RSA_2598,RPS3,Coemansia_sp._RSA_2598,esm2_t30_150M_UR50D,640
RPS3|Vaccinium_darrowii,RPS3,Vaccinium_darrowii,esm2_t30_150M_UR50D,640
RPS3|Tulasnella_sp._424,RPS3,Tulasnella_sp._424,esm2_t30_150M_UR50D,640
RPS3|Amblyraja_radiata,RPS3,Amblyraja_radiata,esm2_t30_150M_UR50D,640
RPS3|Macrolepiota_fuliginosa_MF-IS2,RPS3,Macrolepiota_fuliginosa_MF-IS2,esm2_t30_150M_UR50D,640
RPS3|Balaenoptera_musculus,RPS3,Balaenoptera_musculus,esm2_t30_150M_UR50D,640
RPS3|Coemansia_sp._RSA_2705,RPS3,Coemansia_sp._RSA_2705,esm2_t30_150M_UR50D,640
RPS3|Nicotiana_attenuata,RPS3,Nicotiana_attenuata,esm2_t30_150M_UR50D,640
RPS3|Ammospiza_nelsoni,RPS3,Ammospiza_nelsoni,esm2_t30_150M_UR50D,640
RPS3|Cryptococcus_neoformans_var._grubii_Br795,RPS3,Cryptococcus_neoformans_var._grubii_Br795,esm2_t30_150M_UR50D,640
RPS3|Nannospalax_galili,RPS3,Nannospalax_galili,esm2_t30_150M_UR50D,640
RPS3|Anabarilius_grahami,RPS3,Anabarilius_grahami,esm2_t30_150M_UR50D,640
RPS3|Steccherinum_ochraceum,RPS3,Steccherinum_ochraceum,esm2_t30_150M_UR50D,640
RPS3|Cordyceps_militaris,RPS3,Cordyceps_militaris,esm2_t30_150M_UR50D,640
RPS3|Cryptococcus_amylolentus_CBS_6273,RPS3,Cryptococcus_amylolentus_CBS_6273,esm2_t30_150M_UR50D,640
RPS3|Cryptococcus_neoformans_var._grubii_Th84,RPS3,Cryptococcus_neoformans_var._grubii_Th84,esm2_t30_150M_UR50D,640
RPS3|Polyplosphaeria_fusca,RPS3,Polyplosphaeria_fusca,esm2_t30_150M_UR50D,640
RPS3|Cordyceps_sp._RAO-2017,RPS3,Cordyceps_sp._RAO-2017,esm2_t30_150M_UR50D,640
RPS3|Tyrophagus_putrescentiae,RPS3,Tyrophagus_putrescentiae,esm2_t30_150M_UR50D,640
RPS3|Rucervus_eldii_siamensis,RPS3,Rucervus_eldii_siamensis,esm2_t30_150M_UR50D,640
RPS3|Neofusicoccum_parvum,RPS3,Neofusicoccum_parvum,esm2_t30_150M_UR50D,640
RPS3|Trichophyton_rubrum_MR1448,RPS3,Trichophyton_rubrum_MR1448,esm2_t30_150M_UR50D,640
GAPDH|Aureobasidium_pullulans_EXF-150,GAPDH,Aureobasidium_pullulans_EXF-150,esm2_t30_150M_UR50D,640
GAPDH|Penicilliopsis_zonata_CBS_506.65,GAPDH,Penicilliopsis_zonata_CBS_506.65,esm2_t30_150M_UR50D,640
GAPDH|Arvicola_amphibius,GAPDH,Arvicola_amphibius,esm2_t30_150M_UR50D,640
GAPDH|Aspergillus_luchuensis_IFO_4308,GAPDH,Aspergillus_luchuensis_IFO_4308,esm2_t30_150M_UR50D,640
GAPDH|Fusarium_oxysporum_f._sp._conglutinans_race_2_54008,GAPDH,Fusarium_oxysporum_f._sp._conglutinans_race_2_54008,esm2_t30_150M_UR50D,640
GAPDH|Geranomyces_variabilis,GAPDH,Geranomyces_variabilis,esm2_t30_150M_UR50D,640
GAPDH|Aphanomyces_cochlioides,GAPDH,Aphanomyces_cochlioides,esm2_t30_150M_UR50D,640
GAPDH|Nothobranchius_furzeri,GAPDH,Nothobranchius_furzeri,esm2_t30_150M_UR50D,640
GAPDH|Ustulina_deusta,GAPDH,Ustulina_deusta,esm2_t30_150M_UR50D,640
GAPDH|Trametes_cubensis,GAPDH,Trametes_cubensis,esm2_t30_150M_UR50D,640
GAPDH|Flammula_alnicola,GAPDH,Flammula_alnicola,esm2_t30_150M_UR50D,640
GAPDH|Hypoxylon_sp._CI-4A,GAPDH,Hypoxylon_sp._CI-4A,esm2_t30_150M_UR50D,640
GAPDH|Funneliformis_caledonium,GAPDH,Funneliformis_caledonium,esm2_t30_150M_UR50D,640
GAPDH|Cladochytrium_replicatum,GAPDH,Cladochytrium_replicatum,esm2_t30_150M_UR50D,640
GAPDH|Ephemera_danica,GAPDH,Ephemera_danica,esm2_t30_150M_UR50D,640
GAPDH|Alectoria_sarmentosa,GAPDH,Alectoria_sarmentosa,esm2_t30_150M_UR50D,640
GAPDH|Thamnidium_elegans,GAPDH,Thamnidium_elegans,esm2_t30_150M_UR50D,640
GAPDH|Rhodosorus_marinus,GAPDH,Rhodosorus_marinus,esm2_t30_150M_UR50D,640
GAPDH|Idaea_aversata,GAPDH,Idaea_aversata,esm2_t30_150M_UR50D,640
GAPDH|Cavia_porcellus,GAPDH,Cavia_porcellus,esm2_t30_150M_UR50D,640
GAPDH|Rattus_norvegicus,GAPDH,Rattus_norvegicus,esm2_t30_150M_UR50D,640
GAPDH|Lasiommata_megera,GAPDH,Lasiommata_megera,esm2_t30_150M_UR50D,640
GAPDH|Mycena_belliae,GAPDH,Mycena_belliae,esm2_t30_150M_UR50D,640
GAPDH|Erannis_defoliaria,GAPDH,Erannis_defoliaria,esm2_t30_150M_UR50D,640
GAPDH|Bactrocera_oleae,GAPDH,Bactrocera_oleae,esm2_t30_150M_UR50D,640
GAPDH|Nicrophorus_vespilloides,GAPDH,Nicrophorus_vespilloides,esm2_t30_150M_UR50D,640
GAPDH|Pogona_vitticeps,GAPDH,Pogona_vitticeps,esm2_t30_150M_UR50D,640
GAPDH|Aspergillus_luchuensis,GAPDH,Aspergillus_luchuensis,esm2_t30_150M_UR50D,640
GAPDH|Plasmodium_falciparum_NF135_5.C10,GAPDH,Plasmodium_falciparum_NF135_5.C10,esm2_t30_150M_UR50D,640
GAPDH|Synanthedon_myopaeformis,GAPDH,Synanthedon_myopaeformis,esm2_t30_150M_UR50D,640
GAPDH|Oopsacas_minuta,GAPDH,Oopsacas_minuta,esm2_t30_150M_UR50D,640
GAPDH|Candida_albicans_P75063,GAPDH,Candida_albicans_P75063,esm2_t30_150M_UR50D,640
GAPDH|Candida_albicans_P78048,GAPDH,Candida_albicans_P78048,esm2_t30_150M_UR50D,640
GAPDH|Aureobasidium_subglaciale_EXF-2481,GAPDH,Aureobasidium_subglaciale_EXF-2481,esm2_t30_150M_UR50D,640
GAPDH|Falco_tinnunculus,GAPDH,Falco_tinnunculus,esm2_t30_150M_UR50D,640
GAPDH|Halteromyces_radiatus,GAPDH,Halteromyces_radiatus,esm2_t30_150M_UR50D,640
GAPDH|Thelocarpon_impressellum,GAPDH,Thelocarpon_impressellum,esm2_t30_150M_UR50D,640
GAPDH|Rusa_alfredi,GAPDH,Rusa_alfredi,esm2_t30_150M_UR50D,640
GAPDH|Alsophila_aescularia,GAPDH,Alsophila_aescularia,esm2_t30_150M_UR50D,640
GAPDH|Balearica_regulorum_gibbericeps,GAPDH,Balearica_regulorum_gibbericeps,esm2_t30_150M_UR50D,640
GAPDH|Rhodotorula_toruloides_ATCC_204091,GAPDH,Rhodotorula_toruloides_ATCC_204091,esm2_t30_150M_UR50D,640
GAPDH|Leucosporidium_creatinivorum,GAPDH,Leucosporidium_creatinivorum,esm2_t30_150M_UR50D,640
GAPDH|Thryonomys_swinderianus,GAPDH,Thryonomys_swinderianus,esm2_t30_150M_UR50D,640
GAPDH|Penicillium_rubens,GAPDH,Penicillium_rubens,esm2_t30_150M_UR50D,640
GAPDH|Drepana_falcataria,GAPDH,Drepana_falcataria,esm2_t30_150M_UR50D,640
GAPDH|Mycena_latifolia,GAPDH,Mycena_latifolia,esm2_t30_150M_UR50D,640
GAPDH|Tympanuchus_pallidicinctus,GAPDH,Tympanuchus_pallidicinctus,esm2_t30_150M_UR50D,640
GAPDH|Entophlyctis_luteolus,GAPDH,Entophlyctis_luteolus,esm2_t30_150M_UR50D,640
GAPDH|Gerris_lacustris,GAPDH,Gerris_lacustris,esm2_t30_150M_UR50D,640
GAPDH|Acleris_literana,GAPDH,Acleris_literana,esm2_t30_150M_UR50D,640
GAPDH|Plasmodium_cynomolgi_strain_B,GAPDH,Plasmodium_cynomolgi_strain_B,esm2_t30_150M_UR50D,640
GAPDH|Apodemus_sylvaticus,GAPDH,Apodemus_sylvaticus,esm2_t30_150M_UR50D,640
GAPDH|Fragaria_vesca_subsp._vesca,GAPDH,Fragaria_vesca_subsp._vesca,esm2_t30_150M_UR50D,640
GAPDH|Verticillium_dahliae_VDG1,GAPDH,Verticillium_dahliae_VDG1,esm2_t30_150M_UR50D,640
GAPDH|Powellomyces_hirtus,GAPDH,Powellomyces_hirtus,esm2_t30_150M_UR50D,640
GAPDH|Candidula_unifasciata,GAPDH,Candidula_unifasciata,esm2_t30_150M_UR50D,640
GAPDH|Biomphalaria_pfeifferi,GAPDH,Biomphalaria_pfeifferi,esm2_t30_150M_UR50D,640
GAPDH|Pammene_fasciana,GAPDH,Pammene_fasciana,esm2_t30_150M_UR50D,640
GAPDH|Rhizoctonia_solani_AG-1_IB,GAPDH,Rhizoctonia_solani_AG-1_IB,esm2_t30_150M_UR50D,640
GAPDH|Nannochloropsis_salina_CCMP1776,GAPDH,Nannochloropsis_salina_CCMP1776,esm2_t30_150M_UR50D,640
GAPDH|Fusarium_oxysporum_f._sp._radicis-lycopersici_26381,GAPDH,Fusarium_oxysporum_f._sp._radicis-lycopersici_26381,esm2_t30_150M_UR50D,640
GAPDH|Exophiala_sideris,GAPDH,Exophiala_sideris,esm2_t30_150M_UR50D,640
GAPDH|Acomys_cahirinus,GAPDH,Acomys_cahirinus,esm2_t30_150M_UR50D,640
GAPDH|Tulasnella_calospora_MUT_4182,GAPDH,Tulasnella_calospora_MUT_4182,esm2_t30_150M_UR50D,640
GAPDH|Diabrotica_balteata,GAPDH,Diabrotica_balteata,esm2_t30_150M_UR50D,640
GAPDH|Ogataea_parapolymorpha,GAPDH,Ogataea_parapolymorpha,esm2_t30_150M_UR50D,640
GAPDH|Kazachstania_naganishii_CBS_8797,GAPDH,Kazachstania_naganishii_CBS_8797,esm2_t30_150M_UR50D,640
GAPDH|Phlyctochytrium_arcticum,GAPDH,Phlyctochytrium_arcticum,esm2_t30_150M_UR50D,640
GAPDH|Aureobasidium_namibiae_CBS_147.97,GAPDH,Aureobasidium_namibiae_CBS_147.97,esm2_t30_150M_UR50D,640
GAPDH|Dichotomocladium_elegans,GAPDH,Dichotomocladium_elegans,esm2_t30_150M_UR50D,640
GAPDH|Tetrapisispora_phaffii_CBS_4417,GAPDH,Tetrapisispora_phaffii_CBS_4417,esm2_t30_150M_UR50D,640
GAPDH|Obelidium_mucronatum,GAPDH,Obelidium_mucronatum,esm2_t30_150M_UR50D,640
GAPDH|Akanthomyces_lecanii_RCEF_1005,GAPDH,Akanthomyces_lecanii_RCEF_1005,esm2_t30_150M_UR50D,640
GAPDH|Ciccaba_nigrolineata,GAPDH,Ciccaba_nigrolineata,esm2_t30_150M_UR50D,640
GAPDH|Schaereria_dolodes,GAPDH,Schaereria_dolodes,esm2_t30_150M_UR50D,640
GAPDH|Mycena_metata,GAPDH,Mycena_metata,esm2_t30_150M_UR50D,640
GAPDH|Daldinia_loculata,GAPDH,Daldinia_loculata,esm2_t30_150M_UR50D,640
GAPDH|Monosporascus_sp._mg162,GAPDH,Monosporascus_sp._mg162,esm2_t30_150M_UR50D,640
GAPDH|Indicator_indicator,GAPDH,Indicator_indicator,esm2_t30_150M_UR50D,640
GAPDH|Aspergillus_sergii,GAPDH,Aspergillus_sergii,esm2_t30_150M_UR50D,640
GAPDH|Cynocephalus_volans,GAPDH,Cynocephalus_volans,esm2_t30_150M_UR50D,640
GAPDH|Enterospora_canceri,GAPDH,Enterospora_canceri,esm2_t30_150M_UR50D,640
GAPDH|Zeuzera_pyrina,GAPDH,Zeuzera_pyrina,esm2_t30_150M_UR50D,640
GAPDH|Operophtera_brumata,GAPDH,Operophtera_brumata,esm2_t30_150M_UR50D,640
GAPDH|Mycena_floridula,GAPDH,Mycena_floridula,esm2_t30_150M_UR50D,640
GAPDH|Rattus_rattus,GAPDH,Rattus_rattus,esm2_t30_150M_UR50D,640
GAPDH|Ilyonectria_robusta,GAPDH,Ilyonectria_robusta,esm2_t30_150M_UR50D,640
GAPDH|Meriones_unguiculatus,GAPDH,Meriones_unguiculatus,esm2_t30_150M_UR50D,640
GAPDH|Myotis_brandtii,GAPDH,Myotis_brandtii,esm2_t30_150M_UR50D,640
GAPDH|Corythaeola_cristata,GAPDH,Corythaeola_cristata,esm2_t30_150M_UR50D,640
GAPDH|Plasmodium_falciparum_FCH_4,GAPDH,Plasmodium_falciparum_FCH_4,esm2_t30_150M_UR50D,640
GAPDH|Elysia_marginata,GAPDH,Elysia_marginata,esm2_t30_150M_UR50D,640
GAPDH|Naumovozyma_dairenensis_CBS_421,GAPDH,Naumovozyma_dairenensis_CBS_421,esm2_t30_150M_UR50D,640
GAPDH|Terfezia_boudieri_ATCC_MYA-4762,GAPDH,Terfezia_boudieri_ATCC_MYA-4762,esm2_t30_150M_UR50D,640
GAPDH|Wickerhamomyces_ciferrii,GAPDH,Wickerhamomyces_ciferrii,esm2_t30_150M_UR50D,640
GAPDH|Corythaixoides_concolor,GAPDH,Corythaixoides_concolor,esm2_t30_150M_UR50D,640
GAPDH|Archips_xylosteana,GAPDH,Archips_xylosteana,esm2_t30_150M_UR50D,640
GAPDH|Sousa_chinensis,GAPDH,Sousa_chinensis,esm2_t30_150M_UR50D,640
GAPDH|Metarhizium_album_ARSEF_1941,GAPDH,Metarhizium_album_ARSEF_1941,esm2_t30_150M_UR50D,640
GAPDH|Apiotrichum_porosum,GAPDH,Apiotrichum_porosum,esm2_t30_150M_UR50D,640
GAPDH|Euphydryas_editha,GAPDH,Euphydryas_editha,esm2_t30_150M_UR50D,640
GAPDH|Mus_pahari,GAPDH,Mus_pahari,esm2_t30_150M_UR50D,640
GAPDH|Gymnopilus_junonius,GAPDH,Gymnopilus_junonius,esm2_t30_150M_UR50D,640
GAPDH|Lobulomyces_angularis,GAPDH,Lobulomyces_angularis,esm2_t30_150M_UR50D,640
GAPDH|Candida_albicans_P76067,GAPDH,Candida_albicans_P76067,esm2_t30_150M_UR50D,640
GAPDH|Pholiota_conissans,GAPDH,Pholiota_conissans,esm2_t30_150M_UR50D,640
GAPDH|Pseudohyphozyma_bogoriensis,GAPDH,Pseudohyphozyma_bogoriensis,esm2_t30_150M_UR50D,640
GAPDH|Edhazardia_aedis_USNM_41457,GAPDH,Edhazardia_aedis_USNM_41457,esm2_t30_150M_UR50D,640
GAPDH|Drosophila_jambulina,GAPDH,Drosophila_jambulina,esm2_t30_150M_UR50D,640
GAPDH|Camponotus_floridanus,GAPDH,Camponotus_floridanus,esm2_t30_150M_UR50D,640
GAPDH|Apotomis_turbidana,GAPDH,Apotomis_turbidana,esm2_t30_150M_UR50D,640
GAPDH|Erebia_ligea,GAPDH,Erebia_ligea,esm2_t30_150M_UR50D,640
GAPDH|Bicyclus_anynana,GAPDH,Bicyclus_anynana,esm2_t30_150M_UR50D,640
GAPDH|Physocladia_obscura,GAPDH,Physocladia_obscura,esm2_t30_150M_UR50D,640
GAPDH|Fusarium_odoratissimum_NRRL_54006,GAPDH,Fusarium_odoratissimum_NRRL_54006,esm2_t30_150M_UR50D,640
GAPDH|Plasmodium_vivax_Brazil_I,GAPDH,Plasmodium_vivax_Brazil_I,esm2_t30_150M_UR50D,640
GAPDH|Hypsopygia_costalis,GAPDH,Hypsopygia_costalis,esm2_t30_150M_UR50D,640
GAPDH|Fusarium_oxysporum_f._sp._pisi_HDV247,GAPDH,Fusarium_oxysporum_f._sp._pisi_HDV247,esm2_t30_150M_UR50D,640
GAPDH|Brettanomyces_bruxellensis_AWRI1499,GAPDH,Brettanomyces_bruxellensis_AWRI1499,esm2_t30_150M_UR50D,640
GAPDH|Bombus_bifarius,GAPDH,Bombus_bifarius,esm2_t30_150M_UR50D,640
GAPDH|Verticillium_nonalfalfae,GAPDH,Verticillium_nonalfalfae,esm2_t30_150M_UR50D,640
GAPDH|Hirsutella_minnesotensis_3608,GAPDH,Hirsutella_minnesotensis_3608,esm2_t30_150M_UR50D,640
GAPDH|Microtus_fortis,GAPDH,Microtus_fortis,esm2_t30_150M_UR50D,640
GAPDH|Physella_acuta,GAPDH,Physella_acuta,esm2_t30_150M_UR50D,640
GAPDH|Hippocampus_comes,GAPDH,Hippocampus_comes,esm2_t30_150M_UR50D,640
GAPDH|Zymoseptoria_brevis,GAPDH,Zymoseptoria_brevis,esm2_t30_150M_UR50D,640
GAPDH|Spinellus_fusiger,GAPDH,Spinellus_fusiger,esm2_t30_150M_UR50D,640
GAPDH|Fusarium_sp._NRRL_52700,GAPDH,Fusarium_sp._NRRL_52700,esm2_t30_150M_UR50D,640
GAPDH|Paragonimus_kellicotti,GAPDH,Paragonimus_kellicotti,esm2_t30_150M_UR50D,640
GAPDH|Pandemis_corylana,GAPDH,Pandemis_corylana,esm2_t30_150M_UR50D,640
GAPDH|Hirsutella_rhossiliensis,GAPDH,Hirsutella_rhossiliensis,esm2_t30_150M_UR50D,640
GAPDH|Massariosphaeria_phaeospora,GAPDH,Massariosphaeria_phaeospora,esm2_t30_150M_UR50D,640
GAPDH|Laccaria_amethystina_LaAM-08-1,GAPDH,Laccaria_amethystina_LaAM-08-1,esm2_t30_150M_UR50D,640
GAPDH|Motacilla_alba_alba,GAPDH,Motacilla_alba_alba,esm2_t30_150M_UR50D,640
GAPDH|Metarhizium_rileyi_RCEF_4871,GAPDH,Metarhizium_rileyi_RCEF_4871,esm2_t30_150M_UR50D,640
GAPDH|Ecliptopera_silaceata,GAPDH,Ecliptopera_silaceata,esm2_t30_150M_UR50D,640
GAPDH|Funneliformis_geosporum,GAPDH,Funneliformis_geosporum,esm2_t30_150M_UR50D,640
GAPDH|Erythrocercus_mccallii,GAPDH,Erythrocercus_mccallii,esm2_t30_150M_UR50D,640
GAPDH|Letharia_columbiana,GAPDH,Letharia_columbiana,esm2_t30_150M_UR50D,640
GAPDH|Aspergillus_wentii_DTO_134E9,GAPDH,Aspergillus_wentii_DTO_134E9,esm2_t30_150M_UR50D,640
GAPDH|Hibiscus_syriacus,GAPDH,Hibiscus_syriacus,esm2_t30_150M_UR50D,640
GAPDH|Pilobolus_umbonatus,GAPDH,Pilobolus_umbonatus,esm2_t30_150M_UR50D,640
GAPDH|Eremothecium_gossypii_FDAG1,GAPDH,Eremothecium_gossypii_FDAG1,esm2_t30_150M_UR50D,640
GAPDH|Thelazia_callipaeda,GAPDH,Thelazia_callipaeda,esm2_t30_150M_UR50D,640
GAPDH|Peromyscus_leucopus,GAPDH,Peromyscus_leucopus,esm2_t30_150M_UR50D,640
GAPDH|Apotomis_betuletana,GAPDH,Apotomis_betuletana,esm2_t30_150M_UR50D,640
GAPDH|Mycena_rosella,GAPDH,Mycena_rosella,esm2_t30_150M_UR50D,640
GAPDH|Dipodomys_spectabilis,GAPDH,Dipodomys_spectabilis,esm2_t30_150M_UR50D,640
GAPDH|Candida_albicans_P57072,GAPDH,Candida_albicans_P57072,esm2_t30_150M_UR50D,640
GAPDH|Bondarzewia_mesenterica,GAPDH,Bondarzewia_mesenterica,esm2_t30_150M_UR50D,640
GAPDH|Sanghuangporus_baumii,GAPDH,Sanghuangporus_baumii,esm2_t30_150M_UR50D,640
GAPDH|Fusarium_oxysporum_f._sp._conglutinans,GAPDH,Fusarium_oxysporum_f._sp._conglutinans,esm2_t30_150M_UR50D,640
GAPDH|Hypoxylon_fuscum,GAPDH,Hypoxylon_fuscum,esm2_t30_150M_UR50D,640
GAPDH|Hypoxylon_rubiginosum,GAPDH,Hypoxylon_rubiginosum,esm2_t30_150M_UR50D,640
GAPDH|Postia_placenta,GAPDH,Postia_placenta,esm2_t30_150M_UR50D,640
GAPDH|Eudemis_profundana,GAPDH,Eudemis_profundana,esm2_t30_150M_UR50D,640
GAPDH|Eupeodes_luniger,GAPDH,Eupeodes_luniger,esm2_t30_150M_UR50D,640
GAPDH|Melanargia_galathea,GAPDH,Melanargia_galathea,esm2_t30_150M_UR50D,640
GAPDH|Cydia_splendana,GAPDH,Cydia_splendana,esm2_t30_150M_UR50D,640
GAPDH|Plasmodium_falciparum_Tanzania_2000708,GAPDH,Plasmodium_falciparum_Tanzania_2000708,esm2_t30_150M_UR50D,640
GAPDH|Aspergillus_affinis,GAPDH,Aspergillus_affinis,esm2_t30_150M_UR50D,640
GAPDH|Gregarina_niphandrodes,GAPDH,Gregarina_niphandrodes,esm2_t30_150M_UR50D,640
GAPDH|Ranitomeya_imitator,GAPDH,Ranitomeya_imitator,esm2_t30_150M_UR50D,640
GAPDH|Dissostichus_eleginoides,GAPDH,Dissostichus_eleginoides,esm2_t30_150M_UR50D,640
GAPDH|Sporodiniella_umbellata,GAPDH,Sporodiniella_umbellata,esm2_t30_150M_UR50D,640
GAPDH|Athrips_mouffetella,GAPDH,Athrips_mouffetella,esm2_t30_150M_UR50D,640
GAPDH|Geoglossum_simile,GAPDH,Geoglossum_simile,esm2_t30_150M_UR50D,640
GAPDH|Plasmodium_vivax_Mauritania_I,GAPDH,Plasmodium_vivax_Mauritania_I,esm2_t30_150M_UR50D,640
GAPDH|Maylandia_zebra,GAPDH,Maylandia_zebra,esm2_t30_150M_UR50D,640
GAPDH|Armillaria_solidipes,GAPDH,Armillaria_solidipes,esm2_t30_150M_UR50D,640
GAPDH|Gamsiella_multidivaricata,GAPDH,Gamsiella_multidivaricata,esm2_t30_150M_UR50D,640
GAPDH|Teleiodes_luculella,GAPDH,Teleiodes_luculella,esm2_t30_150M_UR50D,640
GAPDH|Ramularia_collo-cygni,GAPDH,Ramularia_collo-cygni,esm2_t30_150M_UR50D,640
GAPDH|Fusarium_pseudograminearum_CS3096,GAPDH,Fusarium_pseudograminearum_CS3096,esm2_t30_150M_UR50D,640
GAPDH|Anania_crocealis,GAPDH,Anania_crocealis,esm2_t30_150M_UR50D,640
GAPDH|Agriopis_aurantiaria,GAPDH,Agriopis_aurantiaria,esm2_t30_150M_UR50D,640
GAPDH|Varroa_destructor,GAPDH,Varroa_destructor,esm2_t30_150M_UR50D,640
GAPDH|Dactylonectria_estremocensis,GAPDH,Dactylonectria_estremocensis,esm2_t30_150M_UR50D,640
GAPDH|Rodentolepis_nana,GAPDH,Rodentolepis_nana,esm2_t30_150M_UR50D,640
GAPDH|Penelope_pileata,GAPDH,Penelope_pileata,esm2_t30_150M_UR50D,640
GAPDH|Synanthedon_andrenaeformis,GAPDH,Synanthedon_andrenaeformis,esm2_t30_150M_UR50D,640
GAPDH|Porites_lobata,GAPDH,Porites_lobata,esm2_t30_150M_UR50D,640
GAPDH|Candida_albicans_GC75,GAPDH,Candida_albicans_GC75,esm2_t30_150M_UR50D,640
GAPDH|Cryptotermes_secundus,GAPDH,Cryptotermes_secundus,esm2_t30_150M_UR50D,640
GAPDH|Lactarius_quietus,GAPDH,Lactarius_quietus,esm2_t30_150M_UR50D,640
GAPDH|Fusarium_musae,GAPDH,Fusarium_musae,esm2_t30_150M_UR50D,640
GAPDH|Gaertneriomyces_semiglobifer,GAPDH,Gaertneriomyces_semiglobifer,esm2_t30_150M_UR50D,640
GAPDH|Endotricha_flammealis,GAPDH,Endotricha_flammealis,esm2_t30_150M_UR50D,640
GAPDH|Naumovozyma_castellii_CBS_4309,GAPDH,Naumovozyma_castellii_CBS_4309,esm2_t30_150M_UR50D,640
GAPDH|Mesembrinibis_cayennensis,GAPDH,Mesembrinibis_cayennensis,esm2_t30_150M_UR50D,640
GAPDH|Candida_albicans_19F,GAPDH,Candida_albicans_19F,esm2_t30_150M_UR50D,640
GAPDH|Cydia_strobilella,GAPDH,Cydia_strobilella,esm2_t30_150M_UR50D,640
GAPDH|Entomortierella_chlamydospora,GAPDH,Entomortierella_chlamydospora,esm2_t30_150M_UR50D,640
GAPDH|Aphanomyces_astaci,GAPDH,Aphanomyces_astaci,esm2_t30_150M_UR50D,640
GAPDH|Elegia_similella,GAPDH,Elegia_similella,esm2_t30_150M_UR50D,640
GAPDH|Trichoplax_adhaerens,GAPDH,Trichoplax_adhaerens,esm2_t30_150M_UR50D,640
GAPDH|Drechslerella_stenobrocha_248,GAPDH,Drechslerella_stenobrocha_248,esm2_t30_150M_UR50D,640
GAPDH|Reinhardtius_hippoglossoides,GAPDH,Reinhardtius_hippoglossoides,esm2_t30_150M_UR50D,640
GAPDH|Coemansia_asiatica,GAPDH,Coemansia_asiatica,esm2_t30_150M_UR50D,640
GAPDH|Aphelenchoides_fujianensis,GAPDH,Aphelenchoides_fujianensis,esm2_t30_150M_UR50D,640
CYTC|Silurus_asotus,CYTC,Silurus_asotus,esm2_t30_150M_UR50D,640
CYTC|Saccharomyces_cerevisiae_YJM1573,CYTC,Saccharomyces_cerevisiae_YJM1573,esm2_t30_150M_UR50D,640
CYTC|Sapayoa_aenigma,CYTC,Sapayoa_aenigma,esm2_t30_150M_UR50D,640
CYTC|Aureobasidium_sp._EXF-8845,CYTC,Aureobasidium_sp._EXF-8845,esm2_t30_150M_UR50D,640
CYTC|Pyrgilauda_ruficollis,CYTC,Pyrgilauda_ruficollis,esm2_t30_150M_UR50D,640
CYTC|Phthorimaea_operculella,CYTC,Phthorimaea_operculella,esm2_t30_150M_UR50D,640
CYTC|Hypomontagnella_submonticulosa,CYTC,Hypomontagnella_submonticulosa,esm2_t30_150M_UR50D,640
CYTC|Fusarium_oxysporum_f._sp._pisi_HDV247,CYTC,Fusarium_oxysporum_f._sp._pisi_HDV247,esm2_t30_150M_UR50D,640
CYTC|Colletotrichum_viniferum,CYTC,Colletotrichum_viniferum,esm2_t30_150M_UR50D,640
CYTC|Spizaetus_tyrannus,CYTC,Spizaetus_tyrannus,esm2_t30_150M_UR50D,640
CYTC|Idaea_dimidiata,CYTC,Idaea_dimidiata,esm2_t30_150M_UR50D,640
CYTC|Diplocarpon_rosae,CYTC,Diplocarpon_rosae,esm2_t30_150M_UR50D,640
CYTC|Malassezia_sympodialis_ATCC_42132,CYTC,Malassezia_sympodialis_ATCC_42132,esm2_t30_150M_UR50D,640
CYTC|Rhodotorula_diobovata,CYTC,Rhodotorula_diobovata,esm2_t30_150M_UR50D,640
CYTC|Myodes_glareolus,CYTC,Myodes_glareolus,esm2_t30_150M_UR50D,640
CYTC|Fissipunctia_ypsillon,CYTC,Fissipunctia_ypsillon,esm2_t30_150M_UR50D,640
CYTC|Moesziomyces_antarcticus,CYTC,Moesziomyces_antarcticus,esm2_t30_150M_UR50D,640
CYTC|Mortierella_sp._GBA39,CYTC,Mortierella_sp._GBA39,esm2_t30_150M_UR50D,640
CYTC|Vicia_faba,CYTC,Vicia_faba,esm2_t30_150M_UR50D,640
CYTC|Martensiomyces_pterosporus,CYTC,Martensiomyces_pterosporus,esm2_t30_150M_UR50D,640
CYTC|[Candida]_pseudohaemulonii,CYTC,[Candida]_pseudohaemulonii,esm2_t30_150M_UR50D,640
CYTC|Coemansia_sp._RSA_532,CYTC,Coemansia_sp._RSA_532,esm2_t30_150M_UR50D,640
CYTC|Truncatella_angustata,CYTC,Truncatella_angustata,esm2_t30_150M_UR50D,640
CYTC|Sporodiniella_umbellata,CYTC,Sporodiniella_umbellata,esm2_t30_150M_UR50D,640
CYTC|Molorchus_minor,CYTC,Molorchus_minor,esm2_t30_150M_UR50D,640
CYTC|Thalictrum_thalictroides,CYTC,Thalictrum_thalictroides,esm2_t30_150M_UR50D,640
CYTC|Exophiala_oligosperma,CYTC,Exophiala_oligosperma,esm2_t30_150M_UR50D,640
CYTC|Penicillium_paradoxum,CYTC,Penicillium_paradoxum,esm2_t30_150M_UR50D,640
CYTC|Amyelois_transitella,CYTC,Amyelois_transitella,esm2_t30_150M_UR50D,640
CYTC|Amylostereum_chailletii,CYTC,Amylostereum_chailletii,esm2_t30_150M_UR50D,640
CYTC|Megalopta_genalis,CYTC,Megalopta_genalis,esm2_t30_150M_UR50D,640
CYTC|Dendroctonus_ponderosae,CYTC,Dendroctonus_ponderosae,esm2_t30_150M_UR50D,640
CYTC|Blastobasis_lacticolella,CYTC,Blastobasis_lacticolella,esm2_t30_150M_UR50D,640
CYTC|Macrophya_alboannulata,CYTC,Macrophya_alboannulata,esm2_t30_150M_UR50D,640
CYTC|Pleurotus_ostreatus,CYTC,Pleurotus_ostreatus,esm2_t30_150M_UR50D,640
CYTC|Fonsecaea_pedrosoi_CBS_271.37,CYTC,Fonsecaea_pedrosoi_CBS_271.37,esm2_t30_150M_UR50D,640
CYTC|Diospyros_lotus,CYTC,Diospyros_lotus,esm2_t30_150M_UR50D,640
CYTC|Adalia_bipunctata,CYTC,Adalia_bipunctata,esm2_t30_150M_UR50D,640
CYTC|Squalus_suckleyi,CYTC,Squalus_suckleyi,esm2_t30_150M_UR50D,640
CYTC|Rhynchosporium_commune,CYTC,Rhynchosporium_commune,esm2_t30_150M_UR50D,640
CYTC|Trizodia_sp._TS-e1964,CYTC,Trizodia_sp._TS-e1964,esm2_t30_150M_UR50D,640
CYTC|Verticillium_dahliae_VdLs.17,CYTC,Verticillium_dahliae_VdLs.17,esm2_t30_150M_UR50D,640
CYTC|Fusarium_proliferatum,CYTC,Fusarium_proliferatum,esm2_t30_150M_UR50D,640
CYTC|Allomyces_javanicus,CYTC,Allomyces_javanicus,esm2_t30_150M_UR50D,640
CYTC|Armillaria_gallica,CYTC,Armillaria_gallica,esm2_t30_150M_UR50D,640
CYTC|Boeremia_exigua,CYTC,Boeremia_exigua,esm2_t30_150M_UR50D,640
CYTC|Aspergillus_oryzae,CYTC,Aspergillus_oryzae,esm2_t30_150M_UR50D,640
CYTC|Clonostachys_rhizophaga,CYTC,Clonostachys_rhizophaga,esm2_t30_150M_UR50D,640
CYTC|Eudyptes_schlegeli,CYTC,Eudyptes_schlegeli,esm2_t30_150M_UR50D,640
CYTC|Neurospora_crassa,CYTC,Neurospora_crassa,esm2_t30_150M_UR50D,640
CYTC|Hypoxylon_sp._FL0890,CYTC,Hypoxylon_sp._FL0890,esm2_t30_150M_UR50D,640
CYTC|Lampris_incognitus,CYTC,Lampris_incognitus,esm2_t30_150M_UR50D,640
CYTC|Russula_brevipes,CYTC,Russula_brevipes,esm2_t30_150M_UR50D,640
CYTC|Schizopora_paradoxa,CYTC,Schizopora_paradoxa,esm2_t30_150M_UR50D,640
CYTC|Striga_hermonthica,CYTC,Striga_hermonthica,esm2_t30_150M_UR50D,640
CYTC|Hoolock_leuconedys,CYTC,Hoolock_leuconedys,esm2_t30_150M_UR50D,640
CYTC|Trichoderma_harzianum_CBS_226.95,CYTC,Trichoderma_harzianum_CBS_226.95,esm2_t30_150M_UR50D,640
CYTC|Claviceps_cyperi,CYTC,Claviceps_cyperi,esm2_t30_150M_UR50D,640
CYTC|Podochytrium_sp._JEL0797,CYTC,Podochytrium_sp._JEL0797,esm2_t30_150M_UR50D,640
CYTC|Scheffersomyces_stipitis,CYTC,Scheffersomyces_stipitis,esm2_t30_150M_UR50D,640
CYTC|Pollenia_labialis,CYTC,Pollenia_labialis,esm2_t30_150M_UR50D,640
CYTC|Dermochelys_coriacea,CYTC,Dermochelys_coriacea,esm2_t30_150M_UR50D,640
CYTC|Ustilago_maydis_521,CYTC,Ustilago_maydis_521,esm2_t30_150M_UR50D,640
CYTC|Picochlorum_sp._BPE23,CYTC,Picochlorum_sp._BPE23,esm2_t30_150M_UR50D,640
CYTC|Pygathrix_nigripes,CYTC,Pygathrix_nigripes,esm2_t30_150M_UR50D,640
CYTC|Neodiprion_virginianus,CYTC,Neodiprion_virginianus,esm2_t30_150M_UR50D,640
CYTC|Drosophila_teissieri,CYTC,Drosophila_teissieri,esm2_t30_150M_UR50D,640
CYTC|Stachybotrys_chlorohalonata_IBT_40285,CYTC,Stachybotrys_chlorohalonata_IBT_40285,esm2_t30_150M_UR50D,640
CYTC|Coniochaeta_sp._PMI_546,CYTC,Coniochaeta_sp._PMI_546,esm2_t30_150M_UR50D,640
CYTC|Monosporascus_ibericus,CYTC,Monosporascus_ibericus,esm2_t30_150M_UR50D,640
CYTC|Mycena_maculata,CYTC,Mycena_maculata,esm2_t30_150M_UR50D,640
CYTC|Phaseolus_vulgaris,CYTC,Phaseolus_vulgaris,esm2_t30_150M_UR50D,640
CYTC|Trichoderma_lentiforme,CYTC,Trichoderma_lentiforme,esm2_t30_150M_UR50D,640
CYTC|Phytophthora_lilii,CYTC,Phytophthora_lilii,esm2_t30_150M_UR50D,640
CYTC|Colletotrichum_orbiculare_MAFF_240422,CYTC,Colletotrichum_orbiculare_MAFF_240422,esm2_t30_150M_UR50D,640
CYTC|Clydaea_vesicula,CYTC,Clydaea_vesicula,esm2_t30_150M_UR50D,640
CYTC|Cordyceps_javanica,CYTC,Cordyceps_javanica,esm2_t30_150M_UR50D,640
CYTC|Dunaliella_salina,CYTC,Dunaliella_salina,esm2_t30_150M_UR50D,640
CYTC|Certhia_brachydactyla,CYTC,Certhia_brachydactyla,esm2_t30_150M_UR50D,640
CYTC|Phaeodactylum_tricornutum_CCAP_1055_1,CYTC,Phaeodactylum_tricornutum_CCAP_1055_1,esm2_t30_150M_UR50D,640
CYTC|Hordeum_vulgare,CYTC,Hordeum_vulgare,esm2_t30_150M_UR50D,640
CYTC|Ustilago_hordei,CYTC,Ustilago_hordei,esm2_t30_150M_UR50D,640
CYTC|Schistocerca_serialis_cubense,CYTC,Schistocerca_serialis_cubense,esm2_t30_150M_UR50D,640
CYTC|Triticum_aestivum,CYTC,Triticum_aestivum,esm2_t30_150M_UR50D,640
CYTC|Loxospora_ochrophaea,CYTC,Loxospora_ochrophaea,esm2_t30_150M_UR50D,640
CYTC|Phlogophora_meticulosa,CYTC,Phlogophora_meticulosa,esm2_t30_150M_UR50D,640
CYTC|Coemansia_pectinata,CYTC,Coemansia_pectinata,esm2_t30_150M_UR50D,640
CYTC|Moesziomyces_aphidis,CYTC,Moesziomyces_aphidis,esm2_t30_150M_UR50D,640
CYTC|Bradysia_coprophila,CYTC,Bradysia_coprophila,esm2_t30_150M_UR50D,640
CYTC|Mus_musculus_molossinus,CYTC,Mus_musculus_molossinus,esm2_t30_150M_UR50D,640
CYTC|Dichotomocladium_elegans,CYTC,Dichotomocladium_elegans,esm2_t30_150M_UR50D,640
CYTC|Cryptomeria_japonica,CYTC,Cryptomeria_japonica,esm2_t30_150M_UR50D,640
CYTC|Deilephila_elpenor,CYTC,Deilephila_elpenor,esm2_t30_150M_UR50D,640
CYTC|Acipenser_oxyrinchus_oxyrinchus,CYTC,Acipenser_oxyrinchus_oxyrinchus,esm2_t30_150M_UR50D,640
CYTC|Diachasma_alloeum,CYTC,Diachasma_alloeum,esm2_t30_150M_UR50D,640
CYTC|Drosophila_mauritiana,CYTC,Drosophila_mauritiana,esm2_t30_150M_UR50D,640
CYTC|Apis_mellifera,CYTC,Apis_mellifera,esm2_t30_150M_UR50D,640
CYTC|Ligdia_adustata,CYTC,Ligdia_adustata,esm2_t30_150M_UR50D,640
CYTC|Colletotrichum_plurivorum,CYTC,Colletotrichum_plurivorum,esm2_t30_150M_UR50D,640
CYTC|Fibroporia_radiculosa,CYTC,Fibroporia_radiculosa,esm2_t30_150M_UR50D,640
CYTC|Lachnellula_willkommii,CYTC,Lachnellula_willkommii,esm2_t30_150M_UR50D,640
CYTC|Citrus_sinensis,CYTC,Citrus_sinensis,esm2_t30_150M_UR50D,640
CYTC|Suillus_subluteus,CYTC,Suillus_subluteus,esm2_t30_150M_UR50D,640
CYTC|Addax_nasomaculatus,CYTC,Addax_nasomaculatus,esm2_t30_150M_UR50D,640
CYTC|Geosmithia_morbida,CYTC,Geosmithia_morbida,esm2_t30_150M_UR50D,640
CYTC|Heliosperma_pusillum,CYTC,Heliosperma_pusillum,esm2_t30_150M_UR50D,640
CYTC|Neofusicoccum_parvum,CYTC,Neofusicoccum_parvum,esm2_t30_150M_UR50D,640
CYTC|Aspergillus_niger_CBS_513.88,CYTC,Aspergillus_niger_CBS_513.88,esm2_t30_150M_UR50D,640
CYTC|Lachancea_quebecensis,CYTC,Lachancea_quebecensis,esm2_t30_150M_UR50D,640
CYTC|Alternaria_alternata,CYTC,Alternaria_alternata,esm2_t30_150M_UR50D,640
CYTC|Salix_dunnii,CYTC,Salix_dunnii,esm2_t30_150M_UR50D,640
CYTC|Eschrichtius_robustus,CYTC,Eschrichtius_robustus,esm2_t30_150M_UR50D,640
CYTC|Baudoinia_panamericana_UAMH_10762,CYTC,Baudoinia_panamericana_UAMH_10762,esm2_t30_150M_UR50D,640
CYTC|Fusarium_oxysporum_f._sp._vasinfectum_25433,CYTC,Fusarium_oxysporum_f._sp._vasinfectum_25433,esm2_t30_150M_UR50D,640
CYTC|Solanum_chilense,CYTC,Solanum_chilense,esm2_t30_150M_UR50D,640
CYTC|Solea_solea,CYTC,Solea_solea,esm2_t30_150M_UR50D,640
CYTC|Solenodon_paradoxus,CYTC,Solenodon_paradoxus,esm2_t30_150M_UR50D,640
CYTC|Fusarium_oxysporum_f._sp._melonis_26406,CYTC,Fusarium_oxysporum_f._sp._melonis_26406,esm2_t30_150M_UR50D,640
CYTC|Saccharomyces_cerevisiae_YJM248,CYTC,Saccharomyces_cerevisiae_YJM248,esm2_t30_150M_UR50D,640
CYTC|Sporisorium_reilianum_SRZ2,CYTC,Sporisorium_reilianum_SRZ2,esm2_t30_150M_UR50D,640
CYTC|Fusarium_phyllophilum,CYTC,Fusarium_phyllophilum,esm2_t30_150M_UR50D,640
CYTC|Aspergillus_neoniger_CBS_115656,CYTC,Aspergillus_neoniger_CBS_115656,esm2_t30_150M_UR50D,640
CYTC|Nakaseomyces_glabratus,CYTC,Nakaseomyces_glabratus,esm2_t30_150M_UR50D,640
CYTC|Salarias_fasciatus,CYTC,Salarias_fasciatus,esm2_t30_150M_UR50D,640
CYTC|Pisolithus_sp._B1,CYTC,Pisolithus_sp._B1,esm2_t30_150M_UR50D,640
CYTC|Pneumocystis_wakefieldiae,CYTC,Pneumocystis_wakefieldiae,esm2_t30_150M_UR50D,640
CYTC|Bembecia_ichneumoniformis,CYTC,Bembecia_ichneumoniformis,esm2_t30_150M_UR50D,640
CYTC|Blastomyces_parvus,CYTC,Blastomyces_parvus,esm2_t30_150M_UR50D,640
CYTC|Austrofundulus_limnaeus,CYTC,Austrofundulus_limnaeus,esm2_t30_150M_UR50D,640
CYTC|Epinephelus_moara,CYTC,Epinephelus_moara,esm2_t30_150M_UR50D,640
CYTC|Scytalopus_superciliaris,CYTC,Scytalopus_superciliaris,esm2_t30_150M_UR50D,640
CYTC|Acaulospora_colombiana,CYTC,Acaulospora_colombiana,esm2_t30_150M_UR50D,640
CYTC|Dreissena_polymorpha,CYTC,Dreissena_polymorpha,esm2_t30_150M_UR50D,640
CYTC|Terrapene_carolina_triunguis,CYTC,Terrapene_carolina_triunguis,esm2_t30_150M_UR50D,640
CYTC|Neofusicoccum_parvum_UCRNP2,CYTC,Neofusicoccum_parvum_UCRNP2,esm2_t30_150M_UR50D,640
CYTC|Trametes_cinnabarina,CYTC,Trametes_cinnabarina,esm2_t30_150M_UR50D,640
CYTC|Dipodomys_spectabilis,CYTC,Dipodomys_spectabilis,esm2_t30_150M_UR50D,640
CYTC|Drosophila_navojoa,CYTC,Drosophila_navojoa,esm2_t30_150M_UR50D,640
CYTC|Carcina_quercana,CYTC,Carcina_quercana,esm2_t30_150M_UR50D,640
CYTC|Heliconius_sara,CYTC,Heliconius_sara,esm2_t30_150M_UR50D,640
CYTC|Zopfochytrium_polystomum,CYTC,Zopfochytrium_polystomum,esm2_t30_150M_UR50D,640
CYTC|Aspergillus_bertholletiae,CYTC,Aspergillus_bertholletiae,esm2_t30_150M_UR50D,640
CYTC|Trametes_cubensis,CYTC,Trametes_cubensis,esm2_t30_150M_UR50D,640
CYTC|Candida_albicans_P75010,CYTC,Candida_albicans_P75010,esm2_t30_150M_UR50D,640
CYTC|Clonostachys_chloroleuca,CYTC,Clonostachys_chloroleuca,esm2_t30_150M_UR50D,640
CYTC|Cryptotermes_secundus,CYTC,Cryptotermes_secundus,esm2_t30_150M_UR50D,640
CYTC|Stenella_coeruleoalba,CYTC,Stenella_coeruleoalba,esm2_t30_150M_UR50D,640
CYTC|Ganoderma_leucocontextum,CYTC,Ganoderma_leucocontextum,esm2_t30_150M_UR50D,640
CYTC|Rhizopus_delemar_RA_99-880,CYTC,Rhizopus_delemar_RA_99-880,esm2_t30_150M_UR50D,640
CYTC|Macrolepiota_fuliginosa_MF-IS2,CYTC,Macrolepiota_fuliginosa_MF-IS2,esm2_t30_150M_UR50D,640
CYTC|Trypanosoma_rangeli,CYTC,Trypanosoma_rangeli,esm2_t30_150M_UR50D,640
CYTC|Clonostachys_rosea_f._rosea_IK726,CYTC,Clonostachys_rosea_f._rosea_IK726,esm2_t30_150M_UR50D,640
CYTC|Copsychus_sechellarum,CYTC,Copsychus_sechellarum,esm2_t30_150M_UR50D,640
CYTC|Phragmatobia_fuliginosa,CYTC,Phragmatobia_fuliginosa,esm2_t30_150M_UR50D,640
CYTC|Trichoderma_harzianum,CYTC,Trichoderma_harzianum,esm2_t30_150M_UR50D,640
CYTC|Tulasnella_sp._425,CYTC,Tulasnella_sp._425,esm2_t30_150M_UR50D,640
CYTC|Endocarpon_pusillum,CYTC,Endocarpon_pusillum,esm2_t30_150M_UR50D,640
CYTC|Paramormyrops_kingsleyae,CYTC,Paramormyrops_kingsleyae,esm2_t30_150M_UR50D,640
CYTC|Dasypus_novemcinctus,CYTC,Dasypus_novemcinctus,esm2_t30_150M_UR50D,640
CYTC|Laspeyria_flexula,CYTC,Laspeyria_flexula,esm2_t30_150M_UR50D,640
CYTC|Brettanomyces_nanus,CYTC,Brettanomyces_nanus,esm2_t30_150M_UR50D,640
CYTC|Saitozyma_sp._JCM_24511,CYTC,Saitozyma_sp._JCM_24511,esm2_t30_150M_UR50D,640
CYTC|Aureobasidium_sp._EXF-10728,CYTC,Aureobasidium_sp._EXF-10728,esm2_t30_150M_UR50D,640
CYTC|Marasmius_fiardii_PR-910,CYTC,Marasmius_fiardii_PR-910,esm2_t30_150M_UR50D,640
CYTC|Mycena_filopes,CYTC,Mycena_filopes,esm2_t30_150M_UR50D,640
CYTC|Geoglossum_simile,CYTC,Geoglossum_simile,esm2_t30_150M_UR50D,640
CYTC|Fusarium_sp._Ph1,CYTC,Fusarium_sp._Ph1,esm2_t30_150M_UR50D,640
CYTC|Athalia_rosae,CYTC,Athalia_rosae,esm2_t30_150M_UR50D,640
CYTC|Seriola_dumerili,CYTC,Seriola_dumerili,esm2_t30_150M_UR50D,640
CYTC|Cistogaster_globosa,CYTC,Cistogaster_globosa,esm2_t30_150M_UR50D,640
CYTC|Sphaerosporella_brunnea,CYTC,Sphaerosporella_brunnea,esm2_t30_150M_UR50D,640
CYTC|Colinus_virginianus,CYTC,Colinus_virginianus,esm2_t30_150M_UR50D,640
CYTC|Drechmeria_coniospora,CYTC,Drechmeria_coniospora,esm2_t30_150M_UR50D,640
CYTC|Aspergillus_burnettii,CYTC,Aspergillus_burnettii,esm2_t30_150M_UR50D,640
CYTC|Sistotremastrum_suecicum_HHB10207_ss-3,CYTC,Sistotremastrum_suecicum_HHB10207_ss-3,esm2_t30_150M_UR50D,640
CYTC|Drosophila_ironensis,CYTC,Drosophila_ironensis,esm2_t30_150M_UR50D,640
CYTC|Microchrysa_polita,CYTC,Microchrysa_polita,esm2_t30_150M_UR50D,640
CYTC|Aspergillus_coremiiformis,CYTC,Aspergillus_coremiiformis,esm2_t30_150M_UR50D,640
CYTC|Phaedon_cochleariae,CYTC,Phaedon_cochleariae,esm2_t30_150M_UR50D,640
CYTC|Funneliformis_caledonium,CYTC,Funneliformis_caledonium,esm2_t30_150M_UR50D,640
CYTC|Perkinsus_chesapeaki,CYTC,Perkinsus_chesapeaki,esm2_t30_150M_UR50D,640
CYTC|Hirschfeldia_incana,CYTC,Hirschfeldia_incana,esm2_t30_150M_UR50D,640
CYTC|Tetrabaena_socialis,CYTC,Tetrabaena_socialis,esm2_t30_150M_UR50D,640
CYTC|Neurospora_crassa_OR74A,CYTC,Neurospora_crassa_OR74A,esm2_t30_150M_UR50D,640
CYTC|Fusarium_proliferatum_ET1,CYTC,Fusarium_proliferatum_ET1,esm2_t30_150M_UR50D,640
CYTC|Linnemannia_hyalina,CYTC,Linnemannia_hyalina,esm2_t30_150M_UR50D,640
CYTC|Nothobranchius_kuhntae,CYTC,Nothobranchius_kuhntae,esm2_t30_150M_UR50D,640
CYTC|Pogona_vitticeps,CYTC,Pogona_vitticeps,esm2_t30_150M_UR50D,640
CYTC|Macadamia_integrifolia,CYTC,Macadamia_integrifolia,esm2_t30_150M_UR50D,640
CYTC|Phytophthora_nicotianae_CJ01A1,CYTC,Phytophthora_nicotianae_CJ01A1,esm2_t30_150M_UR50D,640
CYTC|Fusarium_anthophilum,CYTC,Fusarium_anthophilum,esm2_t30_150M_UR50D,640
CYTC|Daphnia_pulicaria,CYTC,Daphnia_pulicaria,esm2_t30_150M_UR50D,640
CYTC|Cyaniris_semiargus,CYTC,Cyaniris_semiargus,esm2_t30_150M_UR50D,640
CYTC|Cariama_cristata,CYTC,Cariama_cristata,esm2_t30_150M_UR50D,640
CYTC|Drepanopeziza_brunnea_f._sp._'monogermtubi',CYTC,Drepanopeziza_brunnea_f._sp._'monogermtubi',esm2_t30_150M_UR50D,640
CYTC|Suillus_placidus,CYTC,Suillus_placidus,esm2_t30_150M_UR50D,640
CYTC|Calycina_marina,CYTC,Calycina_marina,esm2_t30_150M_UR50D,640
CYTC|Amphipyra_tragopoginis,CYTC,Amphipyra_tragopoginis,esm2_t30_150M_UR50D,640
CYTC|Dimorphilus_gyrociliatus,CYTC,Dimorphilus_gyrociliatus,esm2_t30_150M_UR50D,640
CYTC|Homo_sapiens,CYTC,Homo_sapiens,esm2_t30_150M_UR50D,640
