family,seq_id,flagged_by_kmeans_minority,flagged_by_robust_z,high_confidence
CYTC,CYTC|Closterium_sp._Naga37s-1,True,True,True
CYTC,CYTC|Meriones_unguiculatus,False,True,False
CYTC,CYTC|Myxobolus_squamalis,False,True,False
CYTC,CYTC|Haemaphysalis_longicornis,False,True,False
CYTC,CYTC|Lynx_pardinus,False,True,False
CYTC,CYTC|Plasmodium_gallinaceum,False,True,False
CYTC,CYTC|Podarcis_muralis,False,True,False
GAPDH,GAPDH|Bondarzewia_mesenterica,False,True,False
GAPDH,GAPDH|Lipotes_vexillifer,True,True,True
GAPDH,GAPDH|Aix_galericulata,False,True,False
GAPDH,GAPDH|Bos_mutus,False,True,False
GAPDH,GAPDH|Otus_sunia,False,True,False
GAPDH,GAPDH|Symbiodinium_microadriaticum,False,True,False
GAPDH,GAPDH|Iris_pallida,False,True,False
HSP70,HSP70|Vicugna_pacos,True,False,False
HSP70,HSP70|Pedinophyceae_sp._YPF-701,True,True,True
HSP70,HSP70|Oreochromis_niloticus,True,False,False
HSP70,HSP70|Cercocebus_atys,True,False,False
HSP70,HSP70|Vidua_chalybeata,True,True,True
HSP70,HSP70|Mustela_putorius_furo,True,False,False
HSP70,HSP70|Dermochelys_coriacea,True,False,False
HSP70,HSP70|Parambassis_ranga,True,False,False
HSP70,HSP70|Carlito_syrichta,True,False,False
HSP70,HSP70|Mauremys_mutica,True,False,False
HSP70,HSP70|Dipus_sagitta,True,False,False
HSP70,HSP70|Tapirus_indicus,True,False,False
HSP70,HSP70|Mugil_cephalus,True,False,False
HSP70,HSP70|Nycticebus_bengalensis,True,False,False
HSP70,HSP70|Eulemur_rufifrons,True,False,False
HSP70,HSP70|Pangasianodon_gigas,True,False,False
HSP70,HSP70|Pleurodeles_waltl,True,False,False
HSP70,HSP70|Cervus_elaphus,True,True,True
HSP70,HSP70|Zosterops_borbonicus,True,True,True
HSP70,HSP70|Verasper_variegatus,True,False,False
HSP70,HSP70|Oryzias_latipes,True,False,False
HSP70,HSP70|Acanthopagrus_latus,True,False,False
HSP70,HSP70|Callorhinus_ursinus,True,False,False
HSP70,HSP70|Meleagris_gallopavo,True,True,True
HSP70,HSP70|Oncorhynchus_nerka,True,False,False
HSP70,HSP70|Polyodon_spathula,True,False,False
HSP70,HSP70|Podarcis_raffonei,True,False,False
RPS3,RPS3|Bombus_breviceps,False,True,False
RPS3,RPS3|Ateles_geoffroyi,True,True,True
RPS3,RPS3|Colletotrichum_scovillei,False,True,False
RPS3,RPS3|Boletus_edulis,True,True,True
RPS3,RPS3|Paramecium_pentaurelia,False,True,False
RPS3,RPS3|Physcia_stellaris,False,True,False
